trial_group,side,n_samples,duration_s,t_start,Single_leg_hip_flex_mean_deg,Single_leg_ankle_flex_mean_deg,Single_leg_hip_abd_mean_deg,Single_leg_ankle_abd_mean_deg,com0_mean,com0_final
1,right,697,6.959993362426758,52.1499502658844,1.8769786526768304,-0.33727998825404754,3.404620433974969,4.856076322999164,-32.84945420889984,54.74597583051546
2,left,985,9.839990615844727,59.119943618774414,0.2557933108176143,0.38228222438017306,-7.587015458031413,3.033814640121174,43.154388796262076,-56.519412585964645
3,right,313,3.119997024536133,68.9699342250824,-0.473424151671609,0.45082815612302707,5.65810520947838,0.7908754947020614,-40.36270508717591,56.19403286937768
4,left,692,6.909993410110474,72.09993124008179,-0.40157302737297657,0.7642716260351157,-6.34942374194155,-0.48182675224700955,37.099083999387574,-57.73352401341965
5,right,658,6.569993734359741,79.01992464065552,-1.0720327571669181,0.9021912102848163,6.548564557679257,-0.23475661725958424,-42.916086669761896,62.61682972175586
6,left,474,4.729995489120483,85.59991836547852,-1.023009646664937,0.9213823245310497,-7.95462853049504,1.4989260591463247,47.96367419272599,-55.91977898493906
7,right,1092,10.909989595413208,90.33991384506226,-1.6730221234139449,1.1213727392898771,8.25398285581706,1.1146837175925288,-51.514791574168534,55.47618107796447
8,left,437,4.3599958419799805,101.25990343093872,-1.388131637535178,0.6612239329267041,-6.533498149782826,1.1423719469186209,38.26657003063114,-56.855098045132685
9,right,741,7.399992942810059,105.62989926338196,-0.22451541677528167,0.10789435732950871,7.024652733108163,0.09602973904236213,-46.036294259951006,55.71625191063138
10,left,366,3.649996519088745,113.03989219665527,-0.4211017767602341,0.188755851287023,-6.632275058839004,0.2546323464149384,40.43623369472671,-58.30442309078576
11,right,534,5.329994916915879,116.69988870620728,-0.06742148023260544,-0.06672903160633145,6.695626775297268,-0.43583495403254147,-44.48339675589354,56.47749742676698
12,left,331,3.2999968528747416,122.03988361358644,-0.5231890365017972,0.3551615547514651,-7.0507065416847805,1.1277065123238748,44.710480151777176,-56.63712236951224
13,right,471,4.699995517730713,125.34988045692444,-0.4218140288719706,0.011947590785439763,5.983098802859324,-0.6151310178418847,-36.38627577485703,56.32200276232842
14,left,951,9.499990940093994,130.0598759651184,-1.618433836428743,0.43159084585945917,-7.5275459389628425,0.18580773336423795,48.90597936339485,-55.32051268919447
15,right,428,4.269995927810669,139.56986689567566,-0.9152073888576282,-0.11272950419285137,6.349264780819465,0.5533472457760821,-35.637892987868305,61.80170107191576
16,left,426,4.249995946884155,143.84986281394958,-1.366342244564003,0.4164059575112158,-6.331722134527292,0.32960647387256986,41.23704131713277,-61.35930427308519
17,right,502,5.009995222091675,148.109858751297,-1.4870449588558352,0.27651698120602936,6.776852058604407,-0.9464621353616351,-40.69607032587768,54.86069539444987
18,left,467,4.659995555877657,153.12985396385193,-0.9498626187491506,-0.0021740373290651386,-6.632066632917357,-0.3910512576634563,41.94930286395883,-55.47701255716696
19,right,488,4.869995355606079,157.79984951019287,-0.6705887465006938,-0.09400471243097784,7.422727487543088,0.45790172665198364,-45.08687213581072,56.85290255527659
20,left,453,4.51999568939209,162.6798448562622,-0.7480599583475644,0.007808962954394296,-7.026926272865648,-0.03163232608453486,45.362831475522874,-55.62197137310584
21,right,494,4.92999529838562,167.20984053611755,-0.6079062798523363,-0.15197374964975047,6.227212260312816,-0.12784334709978845,-38.60042929565256,55.25271226269126
22,left,712,7.10999321937561,172.14983582496643,-0.9001635460532121,-0.014107573062991373,-4.999616226725708,0.48466323357655755,34.22022667902283,-55.906786453006106
23,right,439,4.379995822906494,179.2698290348053,-0.76194394988574,-0.5261666232347986,7.83204213738785,0.3014481604125443,-45.78296235783367,56.287560875193456
24,left,348,3.4699966907501505,183.65982484817505,-0.761178301608549,-0.13194816329416448,-6.916487429988811,2.5349750051674893,43.9574434572321,-55.83790903932154
25,right,635,6.339993953704862,187.13982152938843,-1.4625104936229352,-0.14252442220396044,7.829410769377248,-0.2871624334911775,-47.70513098992691,55.63843887732099
26,left,710,7.089993238449097,193.4898154735565,-1.69154216386197,0.06064498653354728,-7.559763777598202,1.3208808397313763,47.48593621779492,-55.68996622002616
27,right,471,4.699995517730741,200.58980870246887,-2.024323762362199,-0.03022262328301256,7.131660914820457,0.5148305429434317,-43.18652822430378,56.008348610643885
28,left,425,4.23999595642087,205.29980421066284,-2.2438999100196626,0.19588355729482382,-6.722602309725187,0.7328167848201677,41.93586183256413,-56.31747618771723
29,right,472,4.70999550819397,209.549800157547,-2.729827188432647,-0.0040768746922358245,7.515874870020515,-0.7479815348396643,-46.88776838360545,56.45418669524936
30,left,481,4.799995422363253,214.26979565620425,-1.6961222840082522,-0.1157998186267557,-7.227030587871212,0.7696724620385732,45.070919824396675,-55.67394483647021
31,right,796,7.949992418289156,219.0797910690308,-2.341065644064291,-0.008422300931012228,7.842245589866094,0.8527663608006779,-48.58256448827979,55.380007726853066
32,left,487,4.859995365142851,227.0397834777832,-2.1032744802136234,0.1929174977446548,-7.107689990197106,2.57819855149648,44.10522208236769,-56.86050665580862
33,right,420,4.189996004104614,231.90977883338928,-2.5818841579061864,0.2934974805944334,6.725838029721386,1.5817512841089458,-42.36482855183729,55.064913398278456
34,left,289,2.8799972534179688,236.10977482795715,-2.689615709960529,0.3209379070827942,-6.659285177028358,1.6390283033634339,41.25521334773436,-55.58961528171267
35,right,398,3.969996213912907,238.9997720718384,-2.9136760878866506,0.19705063293327632,6.616738174344846,1.8885396688118343,-40.074003943723156,55.22992847600202
36,left,398,3.9699962139129923,242.9797682762146,-2.8316483514041035,0.3052034043716082,-6.771984590994874,3.1571174985520973,43.02709486590357,-55.58194825505878
37,right,446,4.44999575614932,246.9597644805908,-2.821650714450066,0.08274085148701332,3.793412064757913,1.7754283360809846,-22.140341910303363,54.918500953345365
38,left,465,4.639995574951172,251.41976022720337,-3.0688146544937354,0.33759126033963266,-6.777088184419769,1.2874918430313311,44.11706136854387,-55.863509752559786
39,right,342,3.409996747970581,256.0697557926178,-2.6859277098405205,-0.15145831555750616,7.0696155330353765,-0.5042802877308622,-42.2049871488302,55.04528520528281
40,left,372,3.709996461868286,259.48975253105164,-2.7980050069854543,0.15368993585567323,-6.260130072396646,0.6158439607660933,40.69011201563241,-55.48797276029797
41,right,333,3.3199968338012695,263.2097489833832,-3.1313546716223413,0.3402658698457774,6.138763711093856,-0.3420533541256354,-36.606993761388125,56.16065502077545
42,left,484,4.829995393753109,266.5397458076477,-3.0027903206517994,0.2905537862808855,-6.773177901309119,-0.556545496762271,44.17405407042759,-55.501203190940245
43,right,448,4.469995737075806,271.379741191864,-1.230312788845534,-0.24769072685152765,3.098988155744585,0.7790819165621363,-18.59990312200774,55.0465695265144
44,left,399,3.9799962043762207,275.8597369194031,0.3664051870721549,-0.17915940756270707,-6.256644243700793,0.6975715299658936,40.34515589637783,-57.44640806020629
45,right,626,6.249994039535579,279.8497331142425,-0.7232276967863841,-0.21575081208096147,7.820122090226251,-0.45611676721491473,-48.68270432112952,55.0477075073079
46,left,461,4.5999956130981445,286.10972714424133,-1.384328425431122,0.16183970122933014,-7.583238954550489,1.3680577901636957,46.83084594875704,-56.517896995832125
47,right,577,5.7599945068359375,290.71972274780273,-1.4763528176238914,-0.17647664177988936,7.131248588524638,-0.6980201994942634,-45.39218991846094,57.15161002238887
48,left,383,3.8199963569640545,296.489717245102,-1.8989690898066307,0.18333345717155902,-5.520044559604215,1.5482961924826968,34.06648102571308,-59.090094475422056
49,right,459,4.579995632171631,300.3197135925293,-1.3618785467857986,-0.18387281282263038,6.706226408144764,0.06171277294991996,-42.55343838823154,55.43569778264982
50,left,441,4.399995803833008,304.9097092151642,-1.2588743133849134,0.023763440768816355,-6.703047528707372,0.8040210981461988,42.236951592258706,-55.51518780403116
51,right,381,3.7999963760375977,309.31970500946045,-1.3649025184474084,-0.4316918334740341,4.153167701656517,-1.6103834000639146,-26.280686287996723,56.02848895565505
52,left,472,4.70999550819397,313.1297013759613,-2.2767746146009165,-0.07365688933683162,-6.3500102674717835,-5.181068155413804,41.15665768777718,-55.949674492561805
53,right,496,4.949995279312134,317.84969687461853,-1.788893039680906,-0.2017780957394447,7.583898913010681,-2.2038613759364547,-45.847811340474365,55.912584186377295
54,left,53,0.5199995040893555,322.8096921443939,-1.3786554999596887,-0.07768941945772476,-10.052642260514041,-4.458974269135283,61.448396272264716,61.85063715739309
55,right,442,4.409995794296265,335.00968050956726,-0.49010771069803366,-0.5095341595027902,6.505130425851614,1.3632366160829192,-42.71870597452655,56.04253978359003
56,left,469,4.679995536804199,339.4296762943268,-0.3614405147981395,-0.38141618648543313,-7.025877468365986,0.7625869844451482,45.84162835516328,-55.16177939127637
57,right,396,3.94999623298645,344.11967182159424,0.15945990181044087,-0.5267329575361888,6.158518356374587,-0.3004629427557551,-40.117704062305414,55.92535552393863
58,left,435,4.339995861053467,348.07966804504395,0.6981933440289726,-0.723298514695518,-5.264493099574336,-0.8591841830489426,34.978241621597405,-64.744500099665
59,right,840,8.389991998672542,352.42966389656067,1.3593928514159062,-1.0092519252476655,5.163819383854378,-0.9632475434721509,-33.70834266195835,55.56792696617132
60,left,766,7.6499927043914795,360.8296558856964,0.08258029774424,-0.48152453572706005,-7.638547244329294,0.7723547660930432,48.94730527365077,-65.36160355333901
61,right,548,5.469994783401432,368.4896485805512,-0.3541136471914845,-0.5269196460985954,7.539621646370057,-2.007319815509955,-46.018871525910406,56.42863221332664
62,left,409,4.079996109008789,373.9696433544159,0.2064611539976057,-0.5289699985309895,-6.91565684339852,0.5721107436340522,44.82168512001115,-55.41195958243302
63,right,907,9.05999135971058,378.059639453888,-1.2468931690265255,-0.21246208694084565,7.298406532018631,-1.1687485249786709,-46.84208555672992,55.89520361628179
64,left,479,4.779995441436768,387.1296308040619,-1.2376540978202686,0.038627915689280895,-7.234686793266492,-1.1903684775356964,46.52428384335065,-54.80366900347056
65,right,665,6.639993667602539,391.9196262359619,-1.4373827448147491,-0.10493803801597755,6.676100370197594,-1.2860799878490927,-42.46454462507222,56.20006756608213
66,left,636,6.349993944168091,398.5696198940277,-1.7232786135775462,-0.019406299368081092,-8.015905977545165,1.4160555382309832,50.368317441266996,-55.33496980793678
67,right,562,5.609994649886971,404.9296138286591,-1.4893782657910117,-0.09807113416929618,6.570433110868479,-0.4446920689144815,-43.04037493864567,55.78752853907349
68,left,773,7.719992637634277,410.5496084690094,-2.6231772468504273,0.40230082140972645,-8.342579001258244,2.4286271725119413,50.83639150601179,-55.35500804785923
69,right,782,7.809992551803646,418.2796010971069,-2.9951754798186134,0.40238106038135957,6.846570154103637,0.40996948877544825,-46.5386473224103,56.79081324951954
70,left,511,5.099995136261043,426.0995936393738,-2.4289812411794753,0.19077447692451388,-6.919044358244604,4.796465447594707,41.37307900537358,-55.23368665783482
71,right,350,3.4899966716766357,431.209588766098,-2.4020407638493304,0.017818032464518616,5.523851148472217,1.5289582767123975,-37.26412810407226,56.62062849797984
72,left,482,4.809995412826538,434.7095854282379,-2.408275422107598,0.20424494807114862,-6.6887725593236045,3.7774041078411282,39.668982453061034,-54.80393867282747
73,right,508,5.069995164871216,439.5295808315277,-2.5247767061500457,0.1390981534360288,6.2705570217623,1.302074851963165,-42.112578175435125,55.65136738876587
74,left,418,4.169996023178101,444.6095759868622,-1.8554623319054178,0.08728735493383656,-6.322182144598319,3.2158545584328744,37.215904667344994,-56.33400100192924
75,right,585,5.839994430541992,448.78957200050354,-2.4432881605444856,-0.2000508517885314,6.0906768289172915,0.27529679907736504,-40.469978315464466,55.572029215944085
76,left,702,7.009993314743042,454.6395664215088,-2.265542787625315,0.28626764335918475,-7.639817309002282,2.8235554858046767,46.0103014058133,-54.923564895497854
77,right,504,5.0299952030181885,461.6595597267151,-2.483708867279289,-0.09278967673439947,6.487410980589386,0.9909614050737761,-42.741952220184196,56.45114942246287
78,left,468,4.669995546340999,466.6995549201965,-2.0425348338688427,0.13291666735000096,-6.81909024189128,2.1881491989081945,41.70919205822512,-55.8053133109088
79,right,724,7.229993104934692,471.37955045700073,-2.8617537660274786,0.21636587344391264,7.056062214743088,1.11131021644289,-47.088801385015984,56.32988267218283
80,left,417,4.159996032714844,478.6195435523987,-2.7609291573647123,0.5195886742207302,-6.776788346340246,1.2968838302311618,40.6888126887472,-55.02882545157996
81,right,487,4.859995365142822,482.7895395755768,-2.771490552302078,-0.049612405349293454,6.576335911677523,1.0205629498087527,-43.91919616895875,57.3060984319614
82,left,603,6.019994258880615,487.65953493118286,-2.19394456332416,0.430353282080166,-6.4846309650528795,2.1764626634864883,41.02310719920096,-55.91248719731651
83,right,468,4.669995546340942,493.68952918052673,-2.2893982660867915,-0.05577470945512646,6.3213466808344405,-0.08199242454429723,-40.70226437172319,55.55142793332036
84,left,466,4.6499955654144856,498.3695247173309,-1.27845584878254,0.0863391036584179,-5.707622133881491,0.2103906036217154,36.557557339347085,-56.574209247092526
85,right,646,6.449993848800659,503.0295202732086,-1.4849848031257402,-0.29802536315264916,3.1280512366649753,-0.5566234589645471,-20.94047299860045,60.354199804329575
86,left,438,4.369995832443294,509.4895141124725,-0.8503218721247378,0.17945614193045797,-4.860949548026126,-0.6923018080003279,31.253361352433785,-63.36232030147501
87,right,1137,11.359989166259766,513.869509935379,-1.555057268873355,-0.14018310427731145,7.6020158152744575,0.17198417139175737,-51.65754035382563,55.62020757621412
88,left,402,4.009996175765991,525.239499092102,-0.4754572454485709,-0.15846282588871274,-7.9606253967576555,2.2293726231760056,47.00248545470866,-55.60315580547596
89,right,600,5.989994287490845,529.2594952583313,-1.1132411845998413,-0.450128127805585,5.799152817029244,-0.8055214103524106,-38.855582460703864,56.19612981169711
90,left,472,4.70999550819397,535.2594895362854,-1.261129455999992,-0.14688494910509545,-6.945629894724581,0.12021442604877666,43.68924565168226,-55.34770426124465
91,right,337,3.359996795654297,539.9794850349426,-1.9256964449913443,-0.366989958914445,6.009372622802295,-1.3809125399582969,-40.08562304682159,55.89133912348214
92,left,361,3.599996566772461,543.3494818210602,-1.5160306419154823,-0.3136480548517647,-6.469513393851246,-0.04586948210449006,39.03667681993133,-55.44893812713129
93,right,373,3.719996452331543,546.9594783782959,-1.8293388137269195,-0.35938580602896764,5.268397794533806,-1.1367437992261076,-37.988463258181795,55.98022398651605
94,left,389,3.8799962997436523,550.6894748210907,-1.9022172286157295,0.02607519470193172,-6.845488532949422,-0.7581645502247915,40.132046978446304,-55.22374630887469
95,right,906,9.049991369247437,554.5794711112976,-2.0724346013385624,-0.10789354002806419,7.0895062267799185,-1.4546101232836723,-48.96286221643261,55.70241739920972
96,left,398,3.969996213912964,563.6394624710083,-2.054113612956233,0.15718927409976516,-5.53600020713223,-1.6177915680066524,34.175542111138746,-57.67733850823968
97,right,494,4.92999529838562,567.6194586753845,-2.9684076123865983,-0.11952955275967449,5.9808550031505,-2.962727596113619,-40.694041566464875,55.96270641104169
98,left,389,3.8799962997436523,572.5594539642334,-2.538060451598935,0.3094143144725467,-6.177310484416552,-2.8215628959639774,37.53355882093618,-54.83483304707582
99,right,412,4.10999608039856,576.4494502544403,-3.3123695219326668,-0.17571424403721078,6.144809680933954,-3.0445661568670994,-40.292872932987045,55.5462033890028
100,left,740,7.389992952346802,580.5694463253021,-3.1538288117051168,0.29244612272731196,-7.7427766383126375,-2.260956207065592,48.60742010941471,-55.74968025438188
101,right,658,6.569993734359741,587.9694392681122,-2.6805087961213805,-0.05708697250798124,5.900127916370669,-0.9896280281429238,-36.902740010167555,57.495414077589935
102,left,413,4.119996070861816,594.5494329929352,-2.2295827272493107,0.0812580666932669,-5.674344431006399,-1.948053342698055,37.41740126916719,-56.44572898020876
103,right,532,5.30999493598938,598.6794290542603,-2.40324566508428,-0.13514705527285018,7.126213900165957,-1.8258431615393889,-45.2354249626784,56.276710331205024
104,left,453,4.51999568939209,603.9994239807129,-2.4355799191122505,0.13775180068361115,-7.272683361834364,-1.0989274941500093,45.09652735983848,-55.263450881893576
105,right,493,4.919995307922363,608.5294196605682,-3.337677815577862,-0.08693121637406256,6.649470207819519,-2.9153135338928284,-43.00147025981968,56.1600765828369
106,left,52,0.5099995136260986,613.4594149589539,-3.654367854332202,0.623337345436,-9.873609231406544,-2.8426553692341097,60.86892333527615,61.53144043855926
107,right,355,3.53999662399292,624.4194045066833,0.0637888182531438,-0.7889491836288914,6.109120599538731,-4.487739238765232,-44.34723206279855,53.33869082285794
108,left,425,4.239995956420898,627.9694011211395,-0.49297254204888086,-0.3111810144600785,-7.034838617192443,-3.2480383705032603,41.033615921800475,-58.9590873429555
109,right,578,5.769994497299194,632.2193970680237,-1.3108680113331386,-0.3952328698986877,7.124786379851266,-3.901047114368298,-49.06799837069173,53.76751356893394
110,left,372,3.709996461868286,637.9993915557861,-1.125239719546506,-0.03179874958570729,-7.352172938758852,-2.1197954403626293,42.05919796905262,-58.39198771301986
111,right,333,3.3199968338012695,641.7193880081177,-1.3091879875258519,-0.4838718837365784,5.5602596934313215,-4.438535190602011,-39.86736931778034,54.96578236108003
112,left,509,5.079995155334473,645.0493848323822,-2.1403808140321434,0.3543570363634712,-6.675545183814287,-2.329553801065515,39.9401521811433,-58.20426557413556
113,right,404,4.029996156692505,650.1393799781799,-2.050368725134932,-0.016767777553442782,6.410317692380582,-2.5721598128369454,-43.94737969287215,54.71160214051875
114,left,498,4.9699952602386475,654.1793761253357,-2.436118435462185,0.3445655255894959,-7.148645291769805,-2.118780153435833,39.757507247334566,-57.839411992440816
115,right,475,4.73999547958374,659.1593713760376,-2.2013438696150414,-0.20364321984069725,7.520613140082872,-3.4608132054810232,-51.27131708063653,54.132541721754926
116,left,1283,12.819987773895264,663.9093668460846,-2.58111461037342,0.21291041350743592,-8.22188726998372,-0.7392068142596427,49.47221409575296,-61.16054349461891
117,right,423,4.219995975494385,676.7393546104431,-1.5972780657568904,-0.10977324916241013,6.4310946225494146,-3.3440619332804062,-41.94348944898124,55.69967187060755
118,left,344,3.4299967288970947,680.9693505764008,-1.8067088844918153,0.48654680452984167,-3.950293236133979,-1.5798802371433796,25.604330191320727,-67.17621530856216
119,right,526,5.249994993209839,684.4093472957611,-2.35801634138293,0.13295053687172334,6.3506229890072685,-3.5032880895005047,-39.302489820651466,53.18048824989358
120,left,416,4.149996042251587,689.6693422794342,-2.372877581415772,0.5501434217319614,-5.093511012104045,-3.0381341801058546,33.381949955748766,-65.87568347534878
121,right,514,5.129995107650757,693.829338312149,-3.3962417063681123,0.6362997997255275,7.777764732390852,-3.4940057886027724,-47.01003325909643,54.33790814581169
122,left,384,3.829996347427368,698.9693334102631,-2.972307103211963,0.4144445869971885,-5.890769445839403,-2.1533559326600127,37.57274812395473,-60.89912727280827
123,right,420,4.189996004104614,702.8093297481537,-3.2825659787778023,0.32211053882611196,4.790330507551722,-3.126701145735763,-29.36178284799422,55.03621281433562
124,left,478,4.769995450973511,707.0093257427216,-3.238925324483341,0.590444826974115,-5.874838654507604,-3.2457224475220543,38.52324124420158,-63.11894668990867
125,right,529,5.279994964599609,711.7893211841583,-2.736768513924495,0.37228481535355457,6.393183067039901,-3.789891821635871,-39.51993085033344,53.30802445381098
126,left,501,4.999995231628418,717.0793161392212,-2.98270982329455,0.5610278169582527,-6.4803275508973295,-1.604301613026206,41.16054341113927,-60.77877488796208
127,right,498,4.9699952602386475,722.0893113613129,-2.3663650463132697,0.4166403547877582,8.346736692595135,-3.6029899761965263,-51.1574434256623,53.97877557336365
128,left,332,3.3099968433380127,727.0693066120148,-2.5961415877258074,0.5322962815995042,-5.495249000344208,-0.5203531240066881,35.087388006459484,-59.52802523869458
129,right,445,4.439995765686035,730.389303445816,-2.8289079751458943,0.2311666594434651,7.075899771778865,-4.174194739804249,-43.69005546558091,53.462217649782815
130,left,380,3.789996385574341,734.8392992019653,-3.1189833537908225,0.746567418791359,-5.195200631621711,-4.316786978950174,34.12566832935456,-61.8754936605397
131,right,596,5.949994325637817,738.6392955780029,-2.6961203172366286,0.23288714553638168,7.40740784805942,-2.4823324924930765,-47.155571207269006,56.49885088145784
132,left,387,3.8599963188171387,744.599289894104,-2.808524847269548,0.6707544138060566,-6.292038712814192,-2.3025127460627424,39.619832697507555,-58.25068831214911
133,right,405,4.039996147155762,748.4692862033844,-2.5794312139199826,0.22357937879242576,6.648992163746763,-3.8127190331026077,-42.40534372255996,53.69082188061737
134,left,343,3.419996738433838,752.5192823410034,-2.869145844938081,0.5752607799647961,-6.657621776597322,-3.3861913343605665,40.9209731076547,-59.26969749662318
135,right,408,4.069996118545532,755.9492790699005,-2.7456376768876396,0.09541334710039605,6.778138290575584,-2.929389694734405,-44.34860902950966,54.240512504226935
136,left,324,3.229996919631958,760.0292751789093,-2.6070519188172434,0.5477800835075063,-5.104061585313424,-3.5240839470403027,32.55414954440726,-59.26637049341627
137,right,410,4.089996099472046,763.2692720890045,-3.1798332703377206,0.4186902903082319,6.387655795060389,-4.1512249165802055,-40.02485128274559,53.467803141619626
138,left,361,3.599996566772461,767.3692681789398,-3.213664555081133,0.7061216984139476,-6.654953170120012,-4.30428712542797,41.640573918521916,-57.88498449058191
139,right,458,4.569995641708374,770.9792647361755,-2.814640394063203,0.253993595681406,6.91880070356514,-3.58680021803544,-44.71405995250124,53.8579701747955
140,left,397,3.959996223449707,775.5592603683472,-2.803018035460004,0.5604225436304882,-5.645287257232773,-3.8458564283395087,34.79794923665885,-59.46375624353925
141,right,435,4.339995861053467,779.5292565822601,-1.9601874258205148,0.02550719782018338,6.996618163026098,-2.3859669648880555,-45.525617433877144,53.03825613157604
142,left,400,3.9899961948394775,783.8792524337769,-2.583846759960234,0.7003780385348648,-4.329162122960225,-2.7838557678250067,26.974226500297732,-62.667345188216814
143,right,293,2.919997215270996,787.8792486190796,-1.6100221901176694,-0.09697181979802363,6.29094916560896,-2.8514355198378314,-42.88946537691742,53.75848976709359
144,left,657,6.559993743896484,790.8092458248138,-2.6631974191004426,0.3574486081695573,-7.512668012776771,-4.258566586968261,45.900258495074965,-58.06267024149026
145,right,397,3.959996223449707,797.3792395591736,-2.2286370236342865,-0.05894679284842782,7.063182921252903,-3.564065661165948,-45.353508765873734,53.741931700384974
146,left,445,4.439995765686035,801.3492357730865,-2.65202490768462,0.43667668138455107,-6.541441693469189,-4.40146615672097,41.44948061645699,-59.28027263798473
147,right,490,4.889995336532593,805.7992315292358,-2.3776876987186712,0.11501637675860776,7.5434241407642375,-1.9997259304742416,-49.056499785431306,53.14008575578936
148,left,385,3.839996337890625,810.6992268562317,-2.407436027551496,0.5080456145496989,-6.333781042745158,-1.2764930334152458,38.017792695748014,-58.88560857209335
149,right,509,5.079995155334473,814.5492231845856,-2.0888882869310574,0.22021865774617053,6.7691760316225,-0.8051737555863087,-45.18802801617616,53.4152512963106
150,left,418,4.169996023178101,819.6392183303833,-1.6451402155719543,0.2931918391365941,-6.4528967544494105,-2.276381003930963,38.94586527631836,-58.2007323328388
151,right,337,3.359996795654297,823.8192143440247,-1.2879632322394121,0.005116985267578466,6.711785082492762,-0.7491712625844282,-44.38213650792709,53.48219454201052
152,left,314,3.1299970149993896,827.1892111301422,-1.459428483283604,0.21322592544393779,-6.212753889742415,-3.6534866324486814,37.518382200597415,-57.98800752491592
153,right,662,6.6099936962127686,830.3292081356049,-1.5807929483206744,0.14247268950299102,7.612052785206393,-0.3352355504886003,-51.69053162930578,53.29010017846432
154,left,349,3.479996681213379,836.9492018222809,-2.222164036888347,0.43440108899048774,-7.125923260592934,-3.2833052573185224,42.59686598376422,-58.13322030578086
155,right,359,3.5799965858459473,840.4391984939575,-1.643429012359966,-0.07438814878735348,5.82948025929305,-3.596087500175207,-40.37570173910661,53.41758813463625
156,left,52,0.5099995136260986,844.0291950702667,-2.062947499263767,0.6398831805789656,-9.496637751614047,-5.740676341226995,57.97213969118729,59.30974940505784
157,right,493,4.919995307922363,857.7391819953918,-0.4465408037300066,-0.41208802880171846,6.605564004376168,-2.1236713604495354,-48.008706269595926,53.67667567572434
158,left,590,5.889994382858276,862.6691772937775,-0.5951821893996084,0.15552435587763552,-5.2456232786609,-5.226048838342119,31.52947832323561,-57.70604275610927
159,right,829,8.27999210357666,868.569171667099,-0.45558116300383067,-0.2966016430267513,7.205841216901487,-4.1436779150126775,-50.24960206712626,61.35429814634725
160,left,519,5.179995059967041,876.8591637611389,-0.3941631608334011,-0.03029831021825298,-6.491443224769966,-5.759128843344979,37.7793115785277,-63.69367063308273
161,right,445,4.439995765686035,882.0491588115692,-0.6495247773834261,-0.22819902088961477,6.748402475079618,-4.120705772228558,-48.6510622030532,54.32909465494572
162,left,382,3.8099963665008545,886.4991545677185,-0.08708523703951535,0.3770280062663064,-6.924519978602771,-4.470698764032344,41.434822667026005,-58.4950104427421
163,right,402,4.009996175765991,890.3191509246826,0.6908134222624048,0.8093826147028627,6.977099900699867,-1.7707147426487062,-45.4116518180832,53.57850497788
164,left,360,3.589996576309204,894.3391470909119,-0.14238728859988242,0.626889863081198,-6.674782691929143,-1.8313483738407166,39.410458652369286,-57.42759059193735
165,right,458,4.569995641708488,897.9391436576843,0.49251704098844745,-0.41807378844648185,5.8019261241090225,-4.726527905125431,-41.75995756984232,56.4537341871764
166,left,472,4.709995508194083,902.519139289856,-0.661582459190701,0.00965045069828219,-6.063384578395321,-5.067745529758413,34.8734198962343,-61.342806890668605
167,right,573,5.7199945449827965,907.2391347885132,-0.1616656037033351,-0.3142132971462044,7.596976857125544,-3.6667712674162884,-54.40733057924261,53.67404971734688
168,left,381,3.7999963760375977,912.9691293239594,-0.7765867121951642,0.22156008799138974,-5.89009585378886,-2.591410306527348,32.44086259200038,-62.72524112520665
169,right,349,3.479996681213379,916.7791256904602,0.05165664649586585,-0.18123246621255834,5.44058378000547,-2.418368200019891,-41.2911504229098,55.25100242615304
170,left,438,4.369995832443124,920.2691223621368,1.1902876301141443,-0.1207840925086148,-7.4585796526262085,-1.5493758959062685,41.14877835148238,-58.07652511422052
171,right,424,4.229995965957755,924.6491181850432,0.4963120944451739,0.21027081226332503,5.96319938959422,-2.859102494633455,-41.7960843703515,53.54747211130604
172,left,558,5.569994688034171,928.8891141414642,-0.34525177613902996,0.32758204420098275,-7.885780533150718,-2.1195446445439514,45.55007732770384,-58.088563432748224
173,right,440,4.389995813369637,934.4691088199615,0.5606645130789961,0.5663387937055692,7.2555195787997375,-1.5874024033650387,-49.203118558673374,55.17975488733188
174,left,332,3.3099968433380127,938.8691046237946,0.6953176285232381,-0.133016696196496,-7.915955790978532,-3.2160978223875567,44.12730333542879,-57.38562669994937
175,right,650,6.4899938106538,942.1891014575958,0.7820084151515442,-0.17754178897353387,4.9933466612786095,-0.8583387130245852,-36.477258875328744,53.76948861218303
176,left,453,4.519995689391976,948.6890952587128,-0.39517527595567986,0.6176824723054901,-7.296782102173985,-1.274037550872752,44.538199225596685,-57.46481014995532
177,right,394,3.92999625206005,953.219090938568,0.48545004667999686,0.021373353513369622,6.071371354286997,-1.0402148375734348,-42.71862149711819,58.8059358186942
178,left,460,4.589995622635001,957.1590871810912,0.7372651517384415,-0.08022257332739324,-7.1043495052908865,-1.604015771331022,42.305133016395786,-57.5217188947275
179,right,405,4.039996147155648,961.7590827941896,1.3554786424485394,-0.34710604248595023,4.505829408424576,-1.228584437086259,-31.148827980244892,53.12330644525439
180,left,496,4.9499952793122475,965.8090789318084,0.3187878070643937,-0.06348088082129476,-6.992360020674281,-1.3152032672157479,41.632146216628236,-57.330086244010246
181,right,390,3.8899962902067955,970.769074201584,0.4589941217492827,-0.10057571647518221,6.464552635868567,-1.3561213871425404,-44.84370890048431,54.2974790592688
182,left,423,4.219995975494385,974.669070482254,0.17541947667920976,-0.06646958748668705,-6.896590081009324,-1.176900560190218,42.85763780627063,-58.89239631451826
183,right,309,3.079997062683219,978.8990664482116,0.6203824967196334,-0.3457072528714259,6.607340299747234,-1.7523306392206648,-44.59329013737346,53.714714562578514
184,left,299,2.979997158050537,981.989063501358,0.91818902917693,-0.4308669134773346,-6.493693307291656,-1.1445059813583671,38.977491954285505,-57.686500617802935
185,right,468,4.669995546340942,984.9790606498718,0.5882866668365876,-0.37591867659873307,7.249038695652432,-1.0412572674075125,-49.725169374899785,53.55278326253842
186,left,501,4.999995231628418,989.659056186676,0.10467739577905816,0.051533596830895444,-5.6539425014270455,-0.4044347736769057,35.06188460090616,-57.472322395832855
187,right,409,4.079996109008789,994.6690514087676,0.5700671408319894,-0.3220968680127267,6.592748991434186,-0.592739063099943,-46.726744189959156,54.05093254705204
188,left,532,5.309994935989607,998.7590475082396,0.7545857293412503,-0.057409616502656344,-5.849449634751968,-1.6295133382520552,37.104056971592044,-57.20612985544346
189,right,301,2.999997138977051,1004.0790424346924,2.136053611891118,-0.4471601772677473,5.758956651316517,-2.0734112588730227,-41.06193416783175,56.07616802865122
190,left,614,6.12999415397644,1007.0890395641328,1.956790292099938,-0.08805597912800579,-7.571397834784549,-1.0794831741804234,45.49803596106251,-57.26378441682067
191,right,432,4.309995889663583,1013.2290337085724,2.756866704676086,-0.4212924579888708,6.293377646580867,-2.4754635801424993,-42.33570817968646,53.32004641314564
192,left,412,4.109996080398787,1017.5490295886992,2.1381395649842183,-0.2806697029537985,-5.700612013000976,-0.7650294776867022,35.8945153257217,-63.18875526532505
193,right,344,3.429996728897322,1021.6690256595612,2.308188678606666,0.2592492944597634,6.468781102295187,-1.8803031050407981,-40.89541910284201,53.47168761704468
194,left,401,3.9999961853027344,1025.1090223789215,1.9433841714179785,0.5401691477049727,-5.665341284232396,-3.5026802984671273,38.73823373424124,-67.32365331328894
195,right,437,4.359995841980208,1029.1190185546875,2.656438172142638,-0.11603636984534445,7.357443015665914,-3.7048413956313997,-46.72630167764792,54.86683168321409
196,left,422,4.209995985031355,1033.4890143871307,2.00259952569836,-0.40682668881585315,-7.1283087892077726,-3.21264888791529,43.2822271584375,-59.10898008292149
197,right,469,4.679995536803972,1037.7090103626251,1.6657978525863475,-0.35528189336810656,6.722501501111735,-1.8280345456033988,-44.695535115563025,54.15345502311113
198,left,357,3.5599966049194336,1042.3990058898926,1.4000815128152873,-0.060447538342998694,-6.45118983480073,-3.357089274625839,38.5941676443469,-60.79788278467374
199,right,297,2.9599971771240234,1045.9690024852753,1.7801770475631256,-0.23575568339019937,6.344804000325016,-2.449703512995744,-42.96463086541655,53.707329080914775
200,left,649,6.479993820190657,1048.9389996528623,0.8467322844065966,-0.03397913465035792,-7.32970215123897,-2.8581132278437944,44.13830804092384,-58.46830536695697
201,right,606,6.049994230270386,1055.4289934635162,1.9297631130130322,0.014031078829098965,5.998441001226207,-2.5984017160230697,-38.82573067843297,54.92571077514558
202,left,509,5.079995155334245,1061.48898768425,1.6866993684091545,0.576686558095363,-6.2056843269056685,-4.586269731870402,40.28505046476432,-66.97128389749206
203,right,459,4.579995632171631,1066.5789828300476,2.129325507039037,0.2998128977437074,7.151848429787142,-5.983089337052558,-43.891568884971505,54.17539862153251
204,left,643,6.419993877410889,1071.1689784526825,0.9798669072059648,0.5977392458643864,-6.375774352328603,-5.819911276318602,44.94374348391513,-57.11294084989034
205,right,438,4.369995832443465,1077.5989723205566,2.0186981168076126,1.1755931508163995,7.880563514448813,-2.9144924685433184,-49.59028157222246,56.20857325959295
206,left,506,5.049995183944702,1081.9789681434631,0.38542779790199533,0.5933380491998228,-7.172568578420972,-3.1055878138614625,43.19604152803146,-58.85035588514724
207,right,391,14.509986162185669,1087.038963317871,2.240990070430816,-0.18129148777518486,7.242398891538192,-3.1023726256320407,-49.442043475593614,51.51477812329367
208,left,471,4.699995517730713,1101.55894947052,1.2934443826830333,0.03636575984031387,-7.927056373886202,-3.484977855335712,45.168868361301676,-60.29048238338177
209,right,526,5.249994993209839,1106.268944978714,2.441150930303002,0.11765877480741753,7.433957688138805,-4.623235011346471,-50.35570446956498,53.27134187043026
210,left,446,4.449995756149292,1111.528939962387,0.6737577685507937,0.8362306929496338,-7.06650992041698,-3.956813282381497,41.352265553747316,-59.76655255870005
211,right,356,3.5499966144561768,1115.9889357089996,1.9843703411765106,0.10455098361477251,6.625153446093107,-1.9333391348968623,-47.33216018172853,51.75123960503687
212,left,420,4.189996004104614,1119.548932313919,1.8120984309205879,0.2959543505755312,-6.29172714580163,-1.7237463849771042,35.59665054199856,-62.29849308615824
213,right,611,6.09999418258667,1123.748928308487,1.6078166753663259,-0.002743766800962545,7.892598198160743,-2.984501903846071,-52.88757871009956,53.07798192390192
214,left,444,4.429995775222778,1129.8589224815369,1.0540996431943601,0.5136082904176371,-6.028874544623461,-3.61539067081053,36.3066122424709,-59.04882436412072
215,right,439,4.379995822906494,1134.298918247223,0.21141464355152545,0.5756366829266917,6.84032813235882,-2.878658453092199,-46.33947938729667,52.157448695637335
216,left,442,4.409995794296037,1138.6889140605929,0.06056871820144954,0.7411854663127118,-6.57864563656163,-2.432497860377607,39.78553840320392,-59.22108103199769
217,right,524,5.229995012283325,1143.1089098453522,0.021551125211378256,0.28530953610973686,6.561199179648579,-2.7861600632093775,-43.270236548882835,53.13581855897508
218,left,509,5.079995155334473,1148.3489048480988,-0.560665383141524,0.7299387764110468,-6.813674633590114,-0.6116158865766518,41.306842927950676,-59.56772679509963
219,right,399,3.9799962043762207,1153.4388999938965,0.9397823587316689,1.2053534210956087,8.020749541706127,-0.39027549367821035,-47.787142537566616,51.726066738666894
220,left,331,3.299996852874756,1157.428896188736,0.4421719520285947,0.7336821057941975,-5.9046464011959525,-0.9173299233622221,36.665209776923014,-60.17808816402728
221,right,313,3.119997024536133,1160.738893032074,0.290817059647988,0.4276156728371749,6.862323715376384,-1.5841983660019394,-45.05653540874062,51.67489086274419
222,left,305,3.039997100830078,1163.8688900470734,0.5499504533056149,0.15382750409842266,-5.950537124948328,-0.7769178776968837,34.58386433609651,-60.35075862008173
223,right,509,5.079995155334473,1166.9188871383667,0.6927470874440036,-0.11933464306916881,5.970213962287356,-0.594164466936047,-43.93306401116954,61.23166341966361
224,left,483,4.819995403289795,1172.0088822841644,-0.10306406556315491,0.4572343804918715,-6.622071680278392,0.6068892763424427,40.479542482355164,-61.46620418634284
225,right,370,3.689996480941545,1176.8388776779177,0.3803812203418015,0.3991854683604286,6.44700875837865,0.1658520528960863,-41.63485170712298,61.29588999193425
226,left,502,5.009995222091675,1180.5388741493225,0.10002533836429828,0.4486388762262688,-6.05983994961627,-0.3124829731929672,35.7080819817957,-59.36856844989518
227,right,449,4.4799957275390625,1185.5588693618774,0.7742141668529359,0.17941764494994553,6.447457077822996,1.290667639950186,-45.515127344529695,55.42529601040946
228,left,542,5.409994840621948,1190.0488650798798,0.474291509479307,0.805665051973656,-7.988071078597284,0.06310400650081971,46.09891313994174,-59.88523951986972
229,right,366,3.649996519088745,1195.468859910965,1.2824408665118952,0.4092241630505281,6.377189377062224,-0.28019843146508205,-43.966904828751844,61.19536195287972
230,left,300,2.989997148513794,1199.128856420517,1.981533061547724,0.3100591094302379,-5.828291249463808,1.250107808061329,32.321907112978074,-59.648467493822686
231,right,505,5.039995193481673,1202.128853559494,0.40302356761549457,0.4172534220089853,6.163306349054732,-0.30989908551275563,-42.71403899393731,53.561180309508494
232,left,480,4.789995431900024,1207.1788487434387,0.013914399117629313,0.4706749359286709,-6.292910338635452,-1.431278386850283,37.894525295787695,-58.94077198303455
233,right,408,4.069996118545532,1211.978844165802,0.31904104144445605,0.37063241306717576,7.52562990966401,0.9953033224525215,-48.94628910748671,51.82091342284223
234,left,435,4.339995861053694,1216.0588402748108,0.6255360760187139,0.4338763665933426,-6.18468960810521,-1.3200430200954172,35.527230395888644,-64.22107089562239
235,right,461,4.5999956130981445,1220.4088361263275,1.200207627768482,0.063065108646333,7.196701474405337,-0.6595280132734724,-49.65468439310093,51.72269425542987
236,left,327,3.2599968910217285,1225.018831729889,1.3285848743727944,0.19401192528435168,-6.655166848452634,-0.3431461614155711,37.34494819216166,-61.80727089253465
237,right,429,4.279995918273926,1228.288828611374,1.0035486991024367,0.027827022934216725,7.138244834573439,-3.378859884701037,-48.27997858419829,51.67367405838063
238,left,314,3.1299970149993896,1232.578824520111,0.7335952390890581,0.22873725626862254,-6.2945496907079255,-3.351100874649767,38.07135884846816,-60.22241071598692
239,right,396,3.9499962329866776,1235.7188215255735,0.8142510188047087,0.009713215004034138,6.493311113297441,-3.405692873835517,-45.099276602729525,52.19733238806795
240,left,394,3.9299962520599365,1239.6788177490234,0.19056880084336808,0.09236879989652379,-5.680726477498477,-3.283285881492402,32.61496278821495,-68.9091037137511
241,right,441,4.399995803833008,1243.6188139915466,0.013383370938080185,0.15444174614337863,7.078200302165068,-2.2522382670583827,-49.737539882849596,53.21255205520473
242,left,673,6.719993591308594,1248.028809785843,-0.08505815052722544,0.5828027398262763,-7.623811673455385,-1.996061322784061,42.57180677347559,-60.72376867853436
243,right,390,3.889996290206909,1254.7588033676147,0.6677446210082442,0.417738201739789,6.878490029605767,1.6438711113475655,-45.97099370195781,52.33507960180879
244,left,424,4.229995965957642,1258.658799648285,0.4227686057729052,0.7429485409148167,-5.214457950578041,-2.3015906853255648,30.14848410368117,-60.12134935298695
245,right,877,8.759991645812988,1262.8987956047058,0.41684829476832164,0.30161679384005824,7.989919125120805,0.05091792521141595,-55.42831693759674,51.99166616792027
246,left,366,3.649996519088745,1271.668787240982,0.14926858969861242,0.5062649906484976,-7.074694709865777,-0.14873980118490776,40.35274236363492,-59.78035612897301
247,right,632,6.3099939823150635,1275.328783750534,-0.07421661763414654,-0.007279600539271528,7.849436794700748,-1.245032279897617,-52.81619159899531,51.42120328324391
248,left,448,4.469995737075806,1281.6487777233124,-0.8102968190901139,0.7683344500775185,-6.704015064050063,-2.845627886263171,37.721983640755816,-61.48069465461875
249,right,482,4.809995412826538,1286.1287734508514,0.16073999671988642,0.3787351698451955,6.706557215742381,-1.2758684217436076,-47.72838037843653,53.551150463881925
250,left,408,4.069996118545532,1290.9487688541412,0.013409272620326696,0.4706268791461009,-7.7384024412737755,-1.8151646342933037,42.023269570809966,-59.15188278560088
251,right,394,3.9299962520599365,1295.02876496315,-0.13204655417396552,-0.07676762824253006,2.5404397234190594,-4.277641309878363,-21.53792671652283,55.14625929256079
252,left,322,3.2099969387056717,1298.9687612056732,0.3342065178179012,0.1189344718304004,-4.494119454813917,-3.008003071939477,27.44706468761661,-60.39972045946634
253,right,317,3.15999698638916,1302.188758134842,0.7371966106792741,0.11374575728114349,7.010608410941012,-2.5437105558158355,-46.00759395482238,51.73637705109266
254,left,997,9.959990501403581,1305.3587551116943,-0.269633843617445,0.37155667902968936,-7.412983968021087,-3.616803717673886,45.96836006229434,-59.11200155897439
255,right,493,4.919995307922363,1315.3287456035614,-0.29938602382502744,0.46367951363072,5.2076544967536895,-2.660181361923836,-34.990122038836,61.219346077613935
256,left,35,0.3399996757507324,1320.258740901947,-0.2056783589293826,0.7016198134303785,-9.98192923044591,-2.7996015994010097,61.83751544107734,60.5642457645796
257,right,396,3.9499962329866776,1333.8987278938291,1.6899144531522436,0.14505568068265123,5.731448738725604,-0.8071671928212781,-42.62697270143076,53.296698261385885
258,left,441,4.399995803833008,1337.858724117279,1.2563717131254755,0.2052354382762609,-7.111916503244462,-1.2673395654794986,42.55006431330977,-57.908590443697946
259,right,417,4.159996032715071,1342.268719911575,1.2338921945056478,0.518194623713795,5.605009130727615,-0.3500105333252033,-40.09047020857314,53.72086564368736
260,left,423,4.219995975494385,1346.4387159347534,0.9051327504017054,0.37568433488517494,-7.137488451569766,-0.02135860908210766,41.71092969964594,-58.01436730361064
261,right,348,3.469996690750122,1350.668711900711,0.8351490078875112,0.00040780332163051116,5.785149119138139,-0.6767661133451165,-39.636342952185764,53.64158508276623
262,left,488,4.869995355605852,1354.1487085819244,0.8071029158692378,-0.12082746975688027,-4.858313550510714,1.2054026444614234,27.48766685537596,-57.05235040054446
263,right,489,4.879995346069336,1359.0287039279938,0.45306804227641145,0.167108424687687,6.043691799692856,4.121042840518738,-47.20564903988123,53.55593088584182
264,left,530,5.289994955062866,1363.9186992645264,1.0563599072569307,-0.060404089124474175,-7.4008969766913655,2.1288052159627933,42.25065999082506,-57.32616174393926
265,right,513,5.1199951171875,1369.2186942100525,-0.26532158463960404,0.3898209321415958,5.859377925778552,4.094566560144978,-45.67618746947553,53.30183739435353
266,left,378,3.769996404647827,1374.3486893177032,0.936818977678578,0.10770307447989737,-4.279627895526912,3.1381555849323943,24.630375848185622,-65.27926376173252
267,right,615,6.139994144439697,1378.1286857128143,0.41403289137488514,0.18880879358227365,5.659709861389752,3.480205855138487,-44.09404527714702,53.302643988223885
268,left,321,3.199996948242415,1384.2786798477173,0.60719779994071,0.27319556507490483,-6.296826081449493,3.418375971771103,35.671125157060416,-57.90649896320804
269,right,386,3.849996328353882,1387.4886767864227,0.5088634277122785,0.12969750277457912,6.046692772676056,4.194369070774053,-44.804010429987656,54.06285343816669
270,left,438,4.36999583244301,1391.34867310524,-0.24936157622946437,0.22548762507782216,-6.997031423496652,3.48127416558013,40.08350730853187,-57.91247041241987
271,right,578,5.769994497299194,1395.7286689281464,0.7631459206448528,0.029491818918523774,6.633109825619456,2.8802273615917375,-49.53123144385777,54.92827335997396
272,left,478,4.769995450973511,1401.5086634159088,1.114045438207421,0.48998331166255776,-6.87441616965479,4.152466853700032,39.80512760227877,-57.88746340881181
273,right,607,6.059994220733643,1406.2886588573456,2.14312147397422,0.4874483550941951,3.7246382406173897,2.6978077342639692,-31.376131196489755,53.90105043610923
274,left,484,4.829995393753052,1412.3586530685425,1.9788336002097393,1.6319211932708246,-5.1587790101712985,1.9490589850177096,26.426727896830517,-60.32110699569564
275,right,424,4.229995965957642,1417.1986484527588,1.0834889764465605,0.7339892341680572,2.0037245672020827,1.8474736164292613,-21.55620882952139,53.55977850651554
276,left,361,3.5999965667722336,1421.4386444091797,0.18306170995977886,0.9199879750180981,-7.340409913653447,0.4855875506150615,41.74463576465607,-58.08126429286697
277,right,389,3.8799962997436523,1425.0486409664154,0.38762090105978586,0.24248844187723978,5.467339561374754,0.9805127474350896,-39.409852383743946,53.87615575764814
278,left,476,4.749995470046997,1428.9386372566223,0.5162275508156728,0.6823728841777577,-6.630961814401924,1.2650623415258548,36.77812198677196,-61.7437533086958
279,right,435,4.339995861053467,1433.6986327171326,1.5476996681063862,0.6962398787709477,4.643187707975865,1.0669144598064149,-35.873298188598504,53.15811189609659
280,left,376,3.7499964237213135,1438.0486285686493,1.0682797930392536,0.9463436238461536,-6.85771271018417,2.439902647084514,39.75495029840071,-62.16515158571196
281,right,468,4.669995546340715,1441.808624982834,0.2608680620000187,0.7499314624844191,5.825073816942057,1.5281654959653026,-43.30582495137804,53.86035785040891
282,left,301,2.999997138977051,1446.488620519638,1.0758060499480426,0.9722507870581552,-6.781357724358958,3.4178364986216327,39.42769809649225,-58.04091903981747
283,right,415,4.13999605178833,1449.4986176490784,0.8295075597065487,0.5592481808036719,5.666781853642421,2.2454150847840033,-41.02641707228375,53.75548138571912
284,left,342,3.4099967479703537,1453.64861369133,1.025521265102848,0.6667691932744356,-6.669771690537441,3.356288584928622,38.645703898580855,-59.31967749662149
285,right,748,7.469992876053084,1457.0686104297638,0.9892605121416442,0.23353448264756252,7.196877716032467,0.8709866765580597,-51.16033989977135,53.49568885971643
286,left,318,3.169996976852417,1464.54860329628,1.47058153666028,0.711848101757975,-5.708141699974051,1.90922248546755,34.550990870237975,-59.37159931170178
287,right,919,9.179991245269775,1467.7286002635956,0.524911297743621,0.39729269235444487,7.379369712802602,1.4385143853896802,-53.23794824411768,54.58064893952701
288,left,487,4.859995365142822,1476.9185914993286,0.5756115601763142,1.0476080006301691,-7.2993439279016705,1.405413828334921,42.789167676530695,-57.649706078088784
289,right,313,3.119997024536133,1481.7885868549347,1.8505686267520645,0.4412430000192475,5.742736914443812,-0.2679734863868728,-44.862636030929565,53.66936316680826
290,left,327,3.2599968910217285,1484.918583869934,1.0159621872384823,0.4607815861883909,-7.018957631185092,1.6689700304204134,41.05573027502664,-57.715801458510064
291,right,422,4.209995985031128,1488.188580751419,0.3663359295378604,0.3298260560396601,6.943971649699486,0.6778824112646579,-46.889561902512476,53.82285563482856
292,left,498,4.96999526023842,1492.4085767269137,0.17493099576670157,0.866034568739746,-7.270632409034064,0.4594792588532039,42.776690753111886,-57.46399363574191
293,right,413,4.119996070861816,1497.3885719776154,0.3399300432403074,0.7203943999193556,6.503601662656299,1.180904907512435,-47.24295413155892,54.25543459635029
294,left,409,4.079996109008789,1501.5185680389404,0.706845185848002,0.43338391957555844,-7.268518975708127,2.189940714630205,43.24586673139564,-57.95678963649373
295,right,323,3.219996929168701,1505.6085641384125,0.7576177064330276,0.0895680915213665,5.359364292187725,0.2807189090175313,-37.402885058911934,55.48217146876026
296,left,416,4.149996042251587,1508.8385610580444,0.25570576786769783,0.5571388809784497,-6.870200993295507,0.10141570096089755,41.444865080858214,-58.14457843160383
297,right,407,4.059996128082275,1512.9985570907593,0.13442596273399257,0.6762383163807105,6.988391932993298,0.17602438889446373,-47.882059201119226,53.84839867328024
298,left,634,6.329993963241577,1517.0685532093048,-0.16523576766232587,0.6257299590777828,-6.988973337201983,1.4792313082900688,44.22932384424931,-58.52083746342117
299,right,340,3.3899967670440674,1523.4085471630096,-0.1391449104568158,0.4205803351738752,4.726700914629137,-0.33795445052833867,-34.62537238740137,53.30177724185853
300,left,475,4.73999547958374,1526.808543920517,-0.4428118318152346,1.3307711928765,-6.9686732839761385,0.44677518357412377,45.113120974088915,-57.56722383035149
301,right,479,4.779995441436768,1531.558539390564,-0.42014445655328125,0.8346873657089737,6.7654356891105625,0.9866539666164645,-46.176901533869525,53.83764103510869
302,left,706,7.049993276596069,1536.348534822464,-0.509241138163803,0.9381866564459236,-6.7327308254483045,0.7564198828565636,41.31787969573333,-67.05650223194522
303,right,366,3.6499965190889725,1543.408528089523,-0.16228684112053693,0.8643194726953694,5.688204697815639,0.05667764175964241,-42.683349509861756,53.86709997126969
304,left,317,3.1599969863893875,1547.068524599075,-0.1925538997442904,1.0077013912545472,-6.06920640357988,0.2329392348748008,36.91553109563296,-58.84675119836154
305,right,379,3.7799963951113114,1550.2385215759275,-0.3301635511141055,0.7634975776768083,6.382099309787528,1.100277001238939,-42.78076945907407,53.386228159499154
306,left,390,3.889996290206909,1554.028517961502,0.11118336744509576,1.0926470629381593,-6.625339174690166,0.30095539871672605,42.75317674424127,-58.82867398463948
307,right,453,4.51999568939209,1557.9285142421722,0.09507950696749898,0.8687072025812447,7.247337187221495,0.43129216763164546,-47.05227069304328,56.122074605266064
308,left,7740,77.38992619514465,1562.4585099220276,5.980867450352267,-1.5587958767678967,0.019465346119392324,10.203623671940973,124.24016711545642,-7.592879064106
