#{"t_start": 1784891571.4520972, "env_id": "None"}
r,l,t
-72.618194,170,3.154463
2.001632,28,3.174448
-30.022907,103,3.246677
8.713777,154,3.368383
-2.511953,115,3.44294
0.819096,83,3.500073
4.121121,82,3.623178
3.092597,67,4.59838
5.92671,97,6.28271
-69.75509,120,8.299815
-1.460813,60,9.317141
-10.135044,158,10.878736
-83.980705,143,10.972749
-4.593124,135,11.07329
3.653784,48,11.106295
-42.161422,112,11.177838
5.67638,99,11.243866
0.180274,117,11.322335
-1.743085,45,11.354912
-62.035796,122,11.795418
3.36966,79,11.846925
-19.20182,125,11.952437
2.977978,38,11.989451
-60.226893,114,12.063983
3.437318,70,12.125615
-16.489063,102,12.227286
1.973448,62,12.269145
3.28682,41,12.294142
1.526191,33,12.314668
-0.198645,101,12.384151
2.927903,63,12.422822
-68.922439,85,12.473149
4.380519,82,12.522983
3.834058,97,12.581559
-7.838464,101,12.64852
-1.584296,40,12.673766
-0.708407,129,12.750614
1.863612,86,12.807626
-1.096963,64,12.844202
-6.472801,140,12.921811
-13.485383,122,12.996857
2.31335,148,13.090082
1.857971,67,13.129116
-0.240343,59,13.475205
5.16737,72,13.536718
-32.422279,119,13.619722
1.98402,76,13.683229
-1.437993,27,13.699229
-3.159005,96,13.750752
0.407451,38,13.774752
2.628706,89,13.823759
-35.492432,89,13.873311
-1.682651,22,13.887751
-4.170786,54,13.922149
4.544823,60,13.958233
-0.446036,58,13.99245
1.137475,83,14.041681
2.428341,44,14.067752
4.488341,82,14.115761
2.631224,41,14.139277
3.096364,43,14.164276
2.572956,37,14.189279
-57.076854,115,14.259847
6.050824,92,14.315855
-21.59988,83,14.363387
0.537705,40,14.389387
7.769909,108,14.485919
3.046713,40,14.509918
6.158758,76,14.55347
-1.836595,120,14.620954
4.033864,54,14.653415
0.072992,35,14.676865
-25.186476,95,14.737925
2.841473,40,14.761779
11.450714,154,15.13673
1.165806,95,15.194731
5.385362,100,15.273259
0.165607,94,15.339219
3.57978,57,15.379044
3.889538,58,15.422839
-21.799654,156,15.537007
1.055424,34,15.561012
-12.594866,120,15.65999
-37.375785,148,15.769646
-30.705705,141,15.87196
-2.197208,69,15.923059
0.382696,68,15.974249
3.014706,43,16.004264
-0.106343,45,16.041797
4.12288,82,16.110435
2.505473,61,16.162084
5.019778,80,16.259995
5.902285,89,16.340682
1.31923,48,16.374682
-0.026398,123,16.461461
2.408805,95,16.525465
2.712514,42,16.555574
2.3203,30,16.580596
5.65976,148,17.130526
-2.519202,118,17.237036
3.786554,53,17.276045
-12.167605,104,17.348571
0.276403,70,17.427438
1.5463,31,17.47679
2.230542,37,17.532925
1.06936,33,17.572438
-30.301163,100,17.648117
4.250961,65,17.714118
-0.309166,36,17.740644
2.695057,79,17.795642
-9.63673,87,17.860065
1.718231,29,17.883551
2.166585,32,17.914699
-40.474781,142,18.086376
6.209156,97,18.156408
-3.109194,31,18.178415
3.103215,86,18.241055
2.834564,47,18.276307
-0.243855,34,18.301311
5.136088,64,18.350863
1.216939,107,18.43087
7.560239,106,18.504544
0.738091,41,18.535067
-2.966287,65,18.582814
2.068337,26,18.60218
3.050869,44,18.6357
0.94191,19,18.650702
-69.136339,131,18.742594
-9.141745,155,19.137855
4.949752,88,19.218855
2.071777,28,19.242384
4.206599,59,19.286282
2.667884,52,19.324531
2.236778,29,19.348267
5.577605,70,19.433722
-1.221198,23,19.453263
0.620225,33,19.480883
3.948078,68,19.527915
0.76818,57,19.56748
1.089692,41,19.598466
1.707581,36,19.627129
-0.810954,32,19.665197
-0.82778,49,19.715058
2.72667,35,19.762988
1.142038,28,19.78399
-91.135569,99,19.85649
4.058497,86,19.926885
3.308521,49,19.963605
-0.02498,54,20.003004
1.75243,55,20.047566
-19.331471,129,20.153093
-4.396705,85,20.213698
2.059676,57,20.26741
-0.323371,31,20.293418
3.413282,57,20.339789
1.26194,70,20.409138
-4.746865,36,20.434687
1.540418,38,20.463749
-21.285554,98,20.549176
2.141498,27,20.587656
1.560867,24,20.617566
0.764271,26,20.650842
-1.10956,55,20.696836
1.653803,37,20.725879
-0.261734,66,21.110085
3.272638,44,21.153602
0.196286,24,21.177607
4.673495,67,21.228605
2.865961,60,21.278116
5.073638,65,21.331123
1.516394,22,21.347666
-1.94756,56,21.387668
-11.221417,119,21.482556
2.896209,37,21.523573
0.780753,32,21.571898
2.984631,44,21.619959
5.479856,71,21.695292
1.421838,23,21.712662
-1.024597,29,21.734483
2.677248,40,21.766564
2.3713,32,21.791301
-2.563431,82,21.859309
0.025701,55,21.900722
0.911538,26,21.92275
-6.68603,124,22.02155
1.979869,24,22.041601
1.546356,27,22.06469
1.456401,30,22.096317
1.113998,47,22.13788
1.086,20,22.152877
0.342314,15,22.164223
4.055698,66,22.211254
2.411058,31,22.233416
0.720097,37,22.262094
1.245938,27,22.322332
-0.800637,50,22.391956
-7.722983,48,22.425982
2.10369,36,22.450547
1.997392,24,22.466548
2.09461,32,22.487722
1.889333,25,22.506778
-1.588898,29,22.527133
-0.195711,29,22.548974
2.752694,34,22.57565
-0.72465,24,22.593653
-2.742677,89,22.659422
1.396815,35,22.685421
-8.870222,114,22.797949
3.169613,40,22.863713
-1.497694,60,22.931432
0.193444,20,23.32634
-1.452064,33,23.362379
-4.33875,75,23.420892
1.118314,25,23.452236
3.85584,59,23.500225
0.833623,19,23.516252
4.406132,59,23.559859
2.046834,27,23.580915
1.207238,58,23.624544
0.543924,19,23.640094
-0.888338,29,23.663917
-1.54069,22,23.681783
1.504836,74,23.737479
2.375545,30,23.760675
-0.063633,42,23.793921
0.856543,28,23.815845
-0.236083,19,23.82998
-0.111692,33,23.85485
0.09602,69,23.904591
3.449365,66,23.957126
2.051745,33,23.988154
0.635114,27,24.008216
3.054322,47,24.047239
1.111751,32,24.078216
0.360724,24,24.098111
-0.081083,17,24.112111
2.721127,36,24.182655
1.656586,25,24.210662
-0.310533,49,24.247202
1.007191,20,24.264922
2.085272,41,24.294641
1.785631,21,24.314749
-0.346941,54,24.355456
2.014779,39,24.382672
1.147786,25,24.402674
0.01585,15,24.415673
0.971334,17,24.432688
-0.541486,26,24.458369
-0.419015,22,24.481359
2.124601,29,24.50236
-0.256496,19,24.51636
-0.550715,23,24.534379
1.246422,37,24.571922
-0.105196,48,24.626334
1.111505,20,24.643872
2.614509,34,24.669197
0.917345,41,24.69719
-1.768349,36,24.725033
2.612603,40,24.768456
0.714795,22,24.789668
2.547899,34,24.82937
3.523198,60,24.875666
-0.769191,16,24.888727
-3.062397,27,24.911061
-9.30498,56,24.949168
1.945761,27,24.968171
2.218551,30,24.98854
1.27537,29,25.008079
1.002021,47,25.421672
-0.021119,32,25.453403
-0.166387,15,25.466702
0.824834,23,25.487985
0.749219,25,25.511691
-1.015815,27,25.535414
-1.712944,22,25.564291
0.336902,16,25.583054
-0.060218,40,25.617713
2.639288,34,25.664064
-0.199793,16,25.681063
0.842824,29,25.706627
-1.035115,31,25.735974
2.08529,26,25.761686
0.170657,16,25.778592
-7.066232,48,25.823732
2.480283,51,25.87733
-0.647438,25,25.896487
1.704784,30,25.920334
0.35158,21,25.943199
-0.117509,18,25.959682
0.717193,18,25.97404
-1.596098,26,25.992049
1.605216,19,26.008944
3.611261,51,26.046241
0.867625,20,26.060975
1.655528,30,26.082879
1.812997,55,26.120878
0.139837,19,26.137956
1.609563,51,26.179138
0.385974,17,26.1918
3.535851,46,26.223139
1.582292,21,26.238242
1.284476,19,26.252625
-0.699741,45,26.284553
0.657022,20,26.298625
-0.379854,26,26.32163
1.234248,22,26.341486
1.653639,27,26.362487
0.183768,44,26.395451
0.984144,19,26.409495
1.467919,62,26.452689
-1.51878,22,26.468691
-0.182147,19,26.483051
2.857361,40,26.512514
-5.975072,73,26.565628
0.883812,19,26.579202
2.301154,31,26.601186
0.12142,17,26.614192
1.019158,20,26.630771
2.54851,68,26.682963
-1.74109,30,26.73083
1.98967,24,26.771579
0.344993,59,26.826593
-0.295789,23,26.843222
-0.718928,28,26.865011
2.927443,46,26.899584
1.759899,23,26.918059
1.241737,16,26.929501
1.084814,24,26.950382
1.57118,24,26.968056
0.940617,25,26.98834
2.240899,33,27.015962
-1.240504,37,27.045511
2.875369,40,27.078141
0.076043,40,27.108872
1.644211,21,27.12815
0.403117,19,27.142627
1.170014,23,27.162755
2.301715,28,27.475479
-3.836927,40,27.50638
1.464772,18,27.521901
5.351638,71,27.604427
0.16893,28,27.635435
1.087413,23,27.66295
1.058596,62,27.706991
2.379475,31,27.729153
2.104614,37,27.754965
1.191561,20,27.7701
2.420762,35,27.7941
1.003737,26,27.813143
1.139957,19,27.827151
3.790571,87,27.889672
1.659952,27,27.909668
1.854849,30,27.93268
1.951429,23,27.950217
0.749425,18,27.964217
0.50085,15,27.983221
0.892825,21,28.023224
2.292099,34,28.063798
2.801726,38,28.092796
3.330217,44,28.129806
-0.005058,19,28.143323
1.110084,18,28.156324
0.037771,21,28.172324
1.334919,21,28.187323
0.262146,23,28.204324
0.455022,19,28.220323
-0.568398,31,28.24285
0.869197,18,28.25685
1.839691,35,28.28285
0.583824,19,28.296849
-3.08666,33,28.321849
-1.368465,22,28.337859
3.108515,45,28.369394
1.266019,21,28.384393
0.848432,20,28.399393
2.655418,34,28.423393
1.853149,34,28.450914
2.051392,25,28.469537
2.43705,33,28.501645
2.325571,31,28.534235
3.177334,53,28.571352
0.615623,20,28.586428
1.02185,22,28.602428
1.620608,22,28.618428
1.554563,22,28.635369
0.018704,33,28.667176
2.420489,31,28.69129
1.680212,24,28.719233
1.258531,16,28.733342
1.349047,18,28.752033
1.25105,24,28.771029
0.788824,18,28.784031
1.175499,18,28.798029
1.552278,19,28.811031
-0.525514,29,28.834417
1.228771,44,28.866689
0.769312,20,28.881693
2.202642,27,28.9006
1.045812,25,28.918599
0.333217,55,28.956924
-0.113262,34,28.98339
0.312186,17,28.996433
-2.289256,60,29.04295
-0.409665,21,29.059063
0.804711,19,29.074061
1.847592,28,29.094063
0.876916,19,29.108061
0.947332,18,29.512115
1.261317,17,29.535118
0.675362,23,29.561624
-2.389416,39,29.592624
1.230615,18,29.609624
0.259017,20,29.627624
-2.08761,97,29.735147
1.181037,27,29.753668
1.788979,35,29.779669
0.613699,18,29.793667
-1.784947,26,29.813078
2.356886,31,29.838673
-0.890444,18,29.850857
0.19441,23,29.867856
-24.699735,98,29.93331
0.181485,24,29.950879
0.887457,34,29.974879
-0.215808,25,29.994878
1.1666,42,30.025877
0.342451,29,30.047402
0.305792,28,30.068402
2.474358,35,30.094402
-0.051845,18,30.107404
0.359464,19,30.123405
3.471369,55,30.163503
1.335224,40,30.191504
-2.561134,56,30.234022
2.809302,37,30.260572
-1.986035,41,30.290572
1.290377,71,30.340579
1.431662,31,30.363351
2.351445,28,30.389081
1.716924,22,30.406081
0.777631,28,30.432108
1.821757,45,30.48363
-0.764457,19,30.497627
-0.307262,27,30.517629
2.716367,40,30.546155
3.65194,47,30.580153
1.942439,27,30.600155
1.558193,26,30.620153
1.421002,19,30.634162
3.336913,51,30.67268
-0.237022,17,30.684682
1.671056,26,30.705789
4.528009,84,30.767982
-0.74721,18,30.780983
1.043204,28,30.810054
1.775161,21,30.830065
1.427965,20,30.848584
-0.158256,25,30.867582
0.302484,24,30.885581
0.099174,47,30.919817
0.228594,11,30.927816
2.05165,27,30.947364
1.760377,22,30.963177
-0.563012,37,30.99021
0.568673,18,31.00421
0.860499,19,31.01921
1.215598,19,31.033294
1.867154,22,31.05386
-13.603249,94,31.141414
-0.717886,40,31.559197
2.887886,44,31.600194
0.579895,12,31.614199
-6.8542,48,31.666712
0.936706,21,31.68871
1.449456,19,31.71071
-8.234142,60,31.762815
-0.356318,27,31.782822
0.180957,19,31.796821
0.77625,21,31.812816
1.203292,18,31.826815
0.880453,25,31.844824
1.786366,22,31.86269
1.204943,20,31.880789
0.958626,27,31.898787
1.870404,25,31.916788
-0.747937,26,31.935584
1.741075,22,31.951102
2.831416,37,31.979452
2.815058,37,32.008754
1.914194,41,32.0676
0.709056,17,32.097152
1.166772,16,32.126076
0.55651,101,32.207638
-0.163805,22,32.222779
0.251297,18,32.235788
1.63152,27,32.256304
0.870977,37,32.283007
1.478012,30,32.309533
1.896464,70,32.373726
3.605572,47,32.41973
2.365993,30,32.492279
2.787418,66,32.557818
1.349315,28,32.575819
0.595703,29,32.595819
2.427318,58,32.635838
1.896302,22,32.653374
1.661887,22,32.669454
-0.410708,19,32.690815
0.907022,26,32.71157
-81.67338,129,32.800357
1.784369,23,32.818355
1.193867,19,32.833362
2.091196,40,32.861734
1.849153,44,32.894735
-1.330396,28,32.916732
2.517723,35,32.941741
0.195524,24,32.960258
-20.297658,104,33.034292
1.556611,32,33.057784
2.187014,28,33.078786
1.393345,31,33.101786
1.425684,39,33.128786
1.240054,18,33.141794
2.065879,36,33.168334
-1.239585,32,33.192106
1.071378,54,33.24702
2.456497,57,33.561579
1.951535,26,33.58358
2.285018,45,33.618581
1.458447,55,33.659112
-4.280371,57,33.706109
1.931207,29,33.728107
4.592495,69,33.78108
-1.746823,53,33.819099
1.607892,21,33.834109
-1.418856,25,33.854831
1.856064,24,33.881879
1.417434,21,33.918884
-0.412868,13,33.940996
0.595946,30,33.975574
3.12378,42,34.005574
0.541523,25,34.023771
0.658817,32,34.047927
2.819103,45,34.078961
0.174024,28,34.100076
1.543565,25,34.119142
0.98557,14,34.130213
0.719002,21,34.165743
0.052769,29,34.206844
-0.206983,36,34.232852
1.458498,30,34.263307
0.173754,26,34.285327
-0.655309,24,34.304344
2.437929,31,34.326434
0.219147,24,34.344468
1.959774,26,34.372009
1.653809,26,34.406001
1.150632,27,34.439326
1.249675,34,34.480955
1.595115,26,34.500135
-0.874189,19,34.515153
1.266165,27,34.537585
-0.565536,18,34.550294
2.466718,31,34.572359
1.050322,35,34.605486
1.560022,20,34.637186
4.565276,61,34.705801
-0.326585,40,34.735915
1.082168,18,34.752674
1.738528,21,34.773698
1.173739,28,34.794652
1.222562,29,34.820664
1.371999,19,34.840813
0.400084,62,34.916794
1.605772,20,34.946096
1.787045,52,34.989734
0.495263,42,35.024799
-0.674541,24,35.045808
1.014782,29,35.067534
2.158044,32,35.104703
1.044274,14,35.127601
-1.457313,41,35.192686
0.901066,22,35.222619
-0.475319,30,35.249445
2.474398,34,35.272449
1.718191,32,35.29635
1.191838,28,35.327878
1.885289,34,35.366212
0.032315,19,35.383438
-6.002568,57,35.446673
3.801256,55,35.522572
3.044711,42,35.994094
1.629479,21,36.015095
1.009093,52,36.071603
1.719731,27,36.100607
1.963597,36,36.140618
0.50326,32,36.169127
3.715715,50,36.205614
1.868248,24,36.223667
0.48655,22,36.257558
1.924634,33,36.28656
-1.26399,41,36.314557
-0.551644,22,36.32956
-0.04129,39,36.357519
-0.795879,34,36.381568
2.180678,28,36.402577
1.579911,27,36.421569
2.268093,29,36.441576
0.43387,21,36.458109
1.823908,24,36.476282
0.254189,30,36.500507
-2.809698,47,36.542555
0.73518,22,36.57379
1.192281,15,36.597116
0.278965,17,36.623024
-0.236046,30,36.651567
4.278925,54,36.691556
1.383122,20,36.706565
-0.149814,18,36.72069
0.796051,22,36.741158
1.723172,26,36.758993
2.342617,31,36.782028
1.02636,13,36.794027
1.335133,23,36.8108
-4.004018,37,36.83753
0.889939,18,36.853904
1.127602,30,36.884155
1.537899,32,36.908173
1.724803,31,36.93139
-0.626993,23,36.949147
1.000675,22,36.964201
1.391483,19,36.978199
1.361809,43,37.008637
1.205527,41,37.038806
1.267876,34,37.064424
2.647737,33,37.089423
1.507967,18,37.104569
-0.903734,29,37.124662
-1.463456,30,37.150568
1.183549,19,37.171428
-0.069907,25,37.190414
1.753976,30,37.237656
2.359621,30,37.263174
1.134948,16,37.276172
0.784649,28,37.30017
-0.17754,19,37.313388
-0.911986,21,37.328315
2.402664,29,37.349311
-0.048519,15,37.359957
1.465744,22,37.379063
1.023214,28,37.399049
2.124963,33,37.422954
1.855575,26,37.441939
-0.34197,16,37.45634
0.284216,31,37.486935
2.012872,24,37.506935
0.971659,37,37.53483
-0.775497,26,37.554462
0.801061,19,37.568465
0.442224,26,37.588459
-7.37277,50,37.625454
0.740775,69,37.674824
2.678113,43,38.079937
1.879382,72,38.14094
0.780329,28,38.174446
1.034339,22,38.196448
3.37543,43,38.241466
1.913338,25,38.260014
4.814825,69,38.307014
1.64468,21,38.321016
1.192794,29,38.342025
-4.689909,45,38.375135
0.21724,39,38.40479
2.852347,39,38.433754
-1.793315,28,38.455283
2.07754,26,38.473278
1.412227,19,38.487283
1.556052,24,38.505296
1.434352,19,38.519283
-0.21306,22,38.536285
0.135037,23,38.554271
-0.34602,30,38.578272
1.516769,23,38.59436
1.840837,25,38.616369
2.894122,43,38.65616
2.65829,41,38.686096
2.385177,30,38.707111
1.382466,19,38.721111
-3.391686,50,38.758758
0.996475,28,38.780778
-0.314783,27,38.812776
3.588341,90,38.893071
1.594122,28,38.921457
2.160041,37,38.961194
-1.089565,23,38.983965
0.898738,15,39.003124
0.792878,21,39.01914
2.695225,36,39.04515
0.642553,19,39.06017
-0.652464,14,39.071873
0.062904,34,39.099575
-3.695021,71,39.15047
1.994028,28,39.171169
0.768442,32,39.195298
1.316256,23,39.212049
-0.098288,20,39.227063
-1.172638,18,39.241318
1.871719,25,39.260854
0.459866,37,39.288856
1.944136,24,39.306856
3.661013,49,39.343956
1.802555,22,39.360088
0.356859,16,39.376457
2.143842,33,39.401748
-0.304711,25,39.421099
0.010812,15,39.433099
2.864156,52,39.471129
1.622441,20,39.48613
-0.428467,22,39.506032
1.45597,24,39.524598
0.019278,23,39.547682
1.077563,29,39.590595
2.077341,25,39.624172
-0.898507,17,39.638171
1.398291,25,39.65673
1.058234,29,39.67773
-1.690077,35,39.711013
-2.005651,31,39.735155
0.511108,31,40.296648
1.207166,17,40.31965
0.955837,26,40.345652
1.959352,34,40.377167
1.717492,24,40.400167
-0.889605,21,40.428171
1.020762,21,40.463739
1.868241,43,40.504753
-1.43708,19,40.520767
-0.846422,21,40.559272
1.3139,17,40.583284
2.065157,30,40.610378
1.246379,31,40.63537
-0.697978,74,40.709908
1.806404,23,40.74032
1.572972,22,40.765984
3.011487,38,40.79842
-11.572252,83,40.87037
1.403902,21,40.897633
1.801979,27,40.919251
-5.765744,46,40.960567
1.426709,22,40.976537
2.401609,48,41.011699
-2.642902,49,41.048817
1.214359,32,41.072358
2.33394,46,41.107346
-3.752229,82,41.1736
-0.984849,37,41.208071
2.950174,37,41.237978
2.379472,32,41.271088
0.286341,21,41.289086
-0.103577,40,41.319479
0.523599,18,41.333675
2.449725,57,41.377271
0.994489,20,41.393025
-0.724646,34,41.420205
0.389029,21,41.435202
2.361994,50,41.469951
2.460126,51,41.504969
1.098883,39,41.534669
0.537467,26,41.556875
1.632226,23,41.579224
1.521624,28,41.60072
2.934827,52,41.652354
1.015824,25,41.691966
2.00917,40,41.746032
2.867875,64,41.815988
2.012636,26,41.834984
0.042958,41,41.887541
1.122354,30,41.925527
-1.1588,29,41.965151
2.084057,35,42.020158
3.497712,49,42.087907
2.214135,29,42.132921
0.853561,43,42.191757
0.55903,41,42.248665
2.901032,53,42.322395
0.389227,15,42.333284
2.431191,34,42.698468
1.44175,19,42.71247
0.306119,12,42.725467
2.863351,45,42.758989
-7.254167,73,42.826025
1.645584,25,42.843037
-0.742388,20,42.856037
-0.323756,26,42.878566
-0.428946,28,42.903551
0.850322,15,42.918551
-0.276973,32,42.94255
2.014045,26,42.960122
0.210799,22,42.980104
-1.148819,18,42.9921
0.424949,40,43.0221
0.983964,31,43.051733
2.19605,37,43.087887
1.191995,40,43.126888
0.966089,13,43.14289
1.60993,20,43.161068
3.655248,50,43.224067
1.059225,28,43.263311
0.893154,18,43.28731
-0.760435,35,43.328656
1.703878,25,43.361171
-1.748228,43,43.404173
1.162915,25,43.431174
2.22476,28,43.460371
2.611419,32,43.494368
-1.730393,27,43.51637
-1.917851,24,43.536385
1.971645,47,43.571958
0.998722,46,43.605955
-14.799602,93,43.663494
0.716582,22,43.680495
1.532305,26,43.706508
1.092349,38,43.741493
-0.303901,19,43.757498
4.461424,104,43.841603
0.763571,29,43.863725
-0.111623,33,43.895727
1.570309,64,43.983222
1.970909,26,44.016246
1.877792,37,44.047253
1.718555,56,44.104058
1.83412,24,44.132668
-0.616896,23,44.149694
2.503839,62,44.20426
2.281474,31,44.244288
-7.89836,71,44.314803
1.258507,39,44.3548
1.474589,26,44.385345
5.560287,81,44.430395
1.923439,35,44.450836
0.755038,15,44.459342
-0.122104,31,44.479349
-1.820488,32,44.498352
0.125041,25,44.51335
3.410777,80,44.819924
2.707409,38,44.851965
2.574418,45,44.892201
1.392846,44,44.923198
2.086277,24,44.940194
3.060258,78,44.993729
-0.022962,24,45.011714
2.79963,48,45.03975
1.685923,25,45.057725
1.748233,23,45.073299
0.557854,17,45.085283
-0.513419,21,45.102283
1.795741,32,45.122283
2.783028,61,45.162335
1.098472,23,45.177319
-0.136453,22,45.197318
2.010222,34,45.22032
2.201712,45,45.254359
-0.131983,17,45.268376
-1.707762,30,45.292377
2.276027,34,45.324376
1.731401,28,45.356405
2.380709,32,45.40597
1.505803,19,45.427955
-0.212087,18,45.451976
1.379054,26,45.481977
-1.295842,28,45.511527
-5.87116,55,45.568604
1.365355,20,45.588606
-0.733914,49,45.640819
1.280669,20,45.676353
4.501439,64,45.768106
1.499097,26,45.801108
-7.149174,59,45.872668
-3.176104,67,45.961279
-0.894955,25,45.988263
-5.708779,98,46.101808
3.269903,48,46.15579
1.01275,28,46.200886
4.579453,66,46.284462
0.800555,49,46.339476
1.180164,23,46.368011
2.205059,29,46.391011
1.573391,20,46.409621
3.26639,40,46.448659
3.201954,65,46.519202
2.059695,46,46.554202
1.514763,23,46.572341
1.753554,83,46.639324
1.146329,15,46.650351
1.881641,23,46.670459
-1.602419,21,46.69146
1.809549,39,46.724459
-0.166214,60,47.1202
1.12082,27,47.153203
0.423875,24,47.174709
3.35329,53,47.220713
0.022593,20,47.236714
0.330946,25,47.265223
1.987552,31,47.290228
3.255415,58,47.334238
0.800216,19,47.349263
-10.35788,118,47.447839
-0.456212,20,47.472401
-0.776169,27,47.500384
-0.591074,28,47.530385
3.018896,41,47.571958
2.350665,30,47.592943
1.367864,33,47.619959
1.782488,24,47.636958
3.361676,45,47.675527
0.619958,19,47.688528
0.74429,15,47.700528
0.863197,21,47.717531
1.08451,27,47.739527
0.870877,25,47.765096
2.0826,36,47.802095
5.663074,87,47.878678
-3.115739,45,47.909678
-0.153104,26,47.929667
-2.206501,25,47.948679
3.04938,43,47.975235
1.788705,34,47.998236
-20.764137,107,48.063258
-0.355234,58,48.099271
1.058682,23,48.117259
-0.462124,29,48.13427
-0.684648,36,48.161279
0.209548,18,48.171329
3.154214,68,48.209329
-2.721352,30,48.228329
-0.698922,38,48.252358
1.497033,19,48.265911
0.025874,19,48.284923
0.27431,25,48.301906
1.307915,16,48.311923
2.097564,27,48.327923
2.516574,34,48.346934
2.682093,41,48.368455
0.701375,41,48.39444
0.430922,30,48.412441
1.470262,20,48.424456
2.02933,36,48.445439
-0.503414,24,48.45846
0.3916,31,48.476025
1.1179,36,48.498009
2.60983,34,48.521027
1.432676,23,48.538009
1.298931,28,48.554031
1.258171,42,48.578586
2.070279,29,48.599586
1.945171,26,48.615588
0.730798,33,48.908151
3.543002,56,48.944156
-0.615279,33,48.972661
0.053037,35,48.999662
4.203784,93,49.057673
2.451105,35,49.086176
2.079118,36,49.109194
2.918967,53,49.139192
5.867431,118,49.207439
1.509378,56,49.238452
1.225517,20,49.249461
2.904216,45,49.274978
5.710426,99,49.330974
1.398197,18,49.340971
1.170256,65,49.381508
1.189737,20,49.396513
1.429519,24,49.412492
0.573983,30,49.430492
0.037474,16,49.439508
1.427898,39,49.461514
-1.33895,39,49.483836
0.487095,31,49.500835
2.584952,48,49.529838
1.23175,45,49.553883
-0.48131,33,49.574394
0.252036,23,49.588394
0.595829,24,49.603393
-12.089248,59,49.636396
1.110096,20,49.648425
2.881365,36,49.668912
1.951267,31,49.689915
-0.637946,39,49.714946
1.594278,23,49.727927
2.069517,27,49.743936
-1.108477,54,49.786448
1.536573,54,49.825462
-2.297793,67,49.862959
0.784925,26,49.882964
2.338806,36,49.901982
2.158935,30,49.918966
4.430743,58,49.949986
1.138217,31,49.96752
1.1667,17,49.978499
0.655119,17,49.988516
1.606896,23,50.006517
0.749126,19,50.019518
-0.062986,21,50.03252
1.393452,16,50.041521
0.07997,22,50.053549
1.72488,40,50.075891
-4.285031,68,50.123892
1.811282,24,50.137892
3.277205,106,50.429435
1.725727,34,50.454434
5.251087,95,50.50994
4.014339,55,50.547944
1.207361,20,50.560943
0.353827,55,50.594467
-0.169935,20,50.606466
1.896021,25,50.621467
2.316995,44,50.645466
1.636699,47,50.670991
3.342039,94,50.731007
1.667049,22,50.74299
2.627503,64,50.778547
0.187956,103,50.833546
2.568586,42,50.857759
2.846401,53,50.887227
-44.704802,112,50.951311
2.145708,27,50.968939
3.043155,42,50.99495
2.460165,56,51.025919
-0.377074,23,51.039935
0.278419,42,51.074603
2.598177,35,51.115618
2.387206,37,51.161767
2.158711,31,51.18134
1.568938,25,51.197348
-0.274758,29,51.21834
2.122127,35,51.238227
3.191118,41,51.260343
2.020073,27,51.276655
1.81547,63,51.32264
-0.851379,42,51.349779
1.858622,24,51.363445
1.547406,46,51.391557
2.016299,34,51.411575
-0.120132,24,51.425562
2.827083,39,51.459539
2.623838,36,51.494118
2.217795,29,51.521169
2.902305,43,51.549103
0.202358,42,51.574843
-10.987895,81,51.640869
3.610458,72,51.68646
2.512979,57,51.72038
2.813964,37,52.014926
5.421405,76,52.064438
1.73142,24,52.080442
1.601521,47,52.118442
3.244148,46,52.148446
0.225371,38,52.173959
0.681315,33,52.195961
-2.095966,25,52.210963
2.270756,32,52.233962
2.57706,47,52.262005
1.716132,48,52.289557
0.686228,31,52.307587
2.97147,58,52.341599
5.024727,65,52.378125
-0.679509,37,52.399232
-1.827255,78,52.443138
2.488344,58,52.476657
3.541533,44,52.501661
1.706175,26,52.51666
1.460447,24,52.530659
0.701486,32,52.549676
2.631642,33,52.568197
0.997877,29,52.586197
-0.83615,41,52.610197
0.965521,25,52.625196
1.152987,44,52.650207
1.994928,28,52.667718
1.436676,23,52.681719
-0.066029,22,52.693722
1.709189,22,52.707725
3.303161,48,52.735721
-15.404305,114,52.801449
-3.489637,74,52.850714
3.59309,45,52.934008
-28.448312,102,52.996373
3.319419,43,53.022007
1.595513,26,53.038571
0.418653,29,53.055609
-0.587388,18,53.067314
2.227612,32,53.086958
-4.491006,77,53.135157
-0.709194,41,53.16328
2.995729,77,53.209407
3.569058,50,53.247966
2.275396,33,53.26723
-7.733112,80,53.561386
2.717824,37,53.601891
2.324476,30,53.627892
-1.610474,29,53.657896
3.437822,85,53.721402
2.876716,60,53.762405
2.600586,49,53.790931
0.985302,34,53.810931
-1.6663,27,53.826931
1.108594,56,53.861345
5.219597,69,53.901861
-8.284529,75,53.947876
2.247451,86,53.998461
4.075524,82,54.042461
0.414238,57,54.075998
2.974626,38,54.098007
1.03364,35,54.118984
1.910179,42,54.143
2.467737,36,54.163016
2.805721,41,54.186563
0.079091,22,54.19967
2.628031,42,54.228564
2.256148,39,54.257673
1.355865,20,54.269272
1.928762,37,54.291167
4.481995,80,54.339137
2.107019,36,54.365143
4.296933,64,54.453301
-0.696038,90,54.532442
5.057804,80,54.582502
-0.231114,20,54.594515
-1.097192,21,54.607505
1.27615,23,54.623505
-0.256277,49,54.654529
2.017609,28,54.670046
3.96035,101,54.737572
2.219658,27,54.756597
2.664944,34,54.776545
2.868452,57,54.814527
-0.089702,40,54.838564
2.629965,32,54.858983
1.248316,47,54.887076
0.241868,56,54.920226
0.052416,23,54.933243
0.924718,19,55.245877
1.850213,26,55.262883
1.842965,25,55.279389
1.266887,24,55.296391
-1.179323,74,55.364392
0.574211,21,55.390898
1.906457,39,55.423899
2.023258,36,55.453909
2.907134,43,55.485434
1.518052,87,55.548551
4.530601,65,55.657655
0.516578,73,55.714058
1.830043,40,55.744059
5.173292,72,55.794701
2.547466,47,55.826701
0.954821,43,55.857484
2.566082,35,55.884094
-0.9363,49,55.917206
2.856462,46,55.96207
3.823415,51,56.00632
2.18852,54,56.045188
0.957778,52,56.084219
6.420786,88,56.144222
0.645119,28,56.166228
2.12855,51,56.204925
2.975341,58,56.24591
-0.559346,43,56.282442
1.571223,24,56.298267
3.395217,51,56.334924
1.944596,25,56.353966
0.511947,56,56.393521
2.807427,39,56.423519
-7.367445,81,56.481111
4.295769,76,56.548374
-1.096557,34,56.573557
2.929466,47,56.642801
-1.537507,23,56.677923
-20.459828,87,56.76473
-33.234864,97,56.832787
0.288579,41,56.862673
0.020555,25,56.880291
0.501915,41,56.91007
-0.288069,40,57.493732
2.144529,44,57.550739
1.330577,27,57.581299
1.097465,24,57.611297
2.79164,39,57.656302
1.540359,23,57.674809
-1.176845,21,57.692825
2.702096,37,57.719475
0.580355,21,57.736676
0.840071,24,57.754175
2.3991,34,57.780694
1.141881,49,57.818814
-6.785307,84,57.876411
2.23835,29,57.8979
2.745738,65,57.950594
3.34674,62,58.004187
-0.209026,24,58.027189
0.440353,18,58.047193
0.486881,94,58.112952
-0.506127,22,58.126948
1.59999,23,58.144665
-1.049136,27,58.17877
3.710072,66,58.23888
2.840195,40,58.267892
2.838217,38,58.295306
1.088672,21,58.320548
-0.420677,53,58.364555
0.881112,21,58.380258
2.369861,28,58.427258
0.887241,21,58.450257
2.365352,28,58.469779
3.758853,69,58.524014
2.883952,41,58.556127
-1.478712,58,58.598958
1.4471,22,58.616969
2.60605,47,58.658966
3.337107,64,58.709084
1.565829,22,58.723085
0.803362,23,58.740143
3.616,53,58.791749
1.548007,22,58.815749
-14.768609,114,58.894273
-12.060797,61,58.940273
1.495491,19,58.955271
-0.090915,90,59.015798
-0.343059,30,59.037798
4.067416,55,59.077326
1.855076,28,59.098201
2.315508,31,59.120265
2.271822,29,59.141269
1.40273,51,59.477889
1.993462,40,59.523889
2.124321,33,59.552889
1.644433,25,59.580415
3.308941,70,59.648414
0.26375,31,59.677007
1.587378,35,59.705003
0.982201,26,59.724003
1.312539,24,59.742018
0.598049,26,59.761012
1.706005,42,59.791528
-2.34478,44,59.822527
3.525705,47,59.856568
1.179622,22,59.872129
2.619236,37,59.898527
1.026304,70,59.947462
4.704546,71,59.998057
1.918184,40,60.028444
2.001038,30,60.049318
4.716922,90,60.133837
1.859849,26,60.15531
-29.721142,87,60.249785
3.193843,41,60.281363
-0.676382,20,60.300359
2.137374,73,60.379057
2.987581,49,60.416749
-5.823052,67,60.469789
1.34032,32,60.492019
2.020921,30,60.518676
1.954882,30,60.558192
-6.621017,75,60.622851
-0.670331,35,60.665654
-1.587386,62,60.741056
-3.069137,41,60.784028
-1.006101,33,60.823373
-2.430271,50,60.871468
3.205421,50,60.905818
1.774742,27,60.927233
2.773951,82,61.023632
2.57989,43,61.082473
-2.548185,52,61.142545
2.097288,26,61.180788
0.527749,40,61.23878
2.925996,39,61.266822
1.408408,22,61.283029
1.749788,23,61.300017
0.48555,44,61.332015
2.110744,47,61.72066
2.217629,37,61.771687
0.16647,21,61.791248
1.89068,25,61.81926
3.159192,45,61.873799
-0.624789,46,61.911814
1.434192,20,61.926827
0.86931,18,61.939826
3.697399,50,61.976139
1.152362,35,62.002138
-0.097114,57,62.043122
3.392961,71,62.089699
2.641983,34,62.113683
1.65421,29,62.13395
0.320426,71,62.184675
1.932322,32,62.206676
4.837776,67,62.253678
0.349398,40,62.282206
1.834355,28,62.302206
0.234101,41,62.329203
-1.090733,26,62.353222
-3.230044,43,62.385741
-1.060875,62,62.433867
1.949817,39,62.481109
1.803269,22,62.507093
1.652653,84,62.576167
2.662827,33,62.601167
1.896394,36,62.62953
2.972065,43,62.660681
3.634952,67,62.708488
1.083998,58,62.753152
4.90525,86,62.847126
4.983923,73,62.896656
1.293195,27,62.916658
0.976972,43,62.944658
2.909327,44,62.975176
2.664774,40,63.003187
-35.530262,95,63.072192
-1.945466,54,63.112708
1.552449,26,63.131704
1.841521,43,63.166714
3.863367,50,63.203227
-1.784012,31,63.226225
3.520717,46,63.267236
0.459639,31,63.289748
5.437797,85,63.783241
1.23517,19,63.803244
1.172001,15,63.818244
1.153967,39,63.857242
4.406019,82,63.931792
1.363466,25,63.955776
2.382823,36,63.984377
0.238284,15,63.995366
2.388483,32,64.022378
3.829698,61,64.078439
-2.829039,37,64.102454
-3.516362,47,64.136472
2.169518,51,64.171465
3.389868,42,64.206595
2.958728,44,64.23949
0.403207,35,64.265494
1.766259,56,64.310984
0.095475,28,64.342812
2.162572,75,64.431326
0.674507,39,64.49663
-0.217744,27,64.523984
0.681003,26,64.541999
-1.113597,32,64.570999
4.234316,70,64.657176
-8.462467,77,64.724859
0.981614,48,64.758852
2.026231,31,64.7814
3.422512,43,64.813376
1.632159,35,64.842374
-0.278493,37,64.871414
2.131083,28,64.891951
-2.776146,43,64.924831
3.225807,74,65.00047
1.931127,38,65.029456
2.344051,32,65.068687
0.743085,37,65.120686
-0.343459,33,65.14523
-1.302875,35,65.172573
0.664858,66,65.220114
0.518718,18,65.232114
5.184231,67,65.305236
-1.098519,50,65.361222
1.825195,30,65.386483
0.988794,27,65.415483
0.328365,24,65.437468
3.25853,65,65.481061
1.192192,21,65.494074
0.772883,28,65.517234
1.060561,53,65.557578
-0.193214,23,65.575587
-0.81182,20,65.59083
0.564766,35,65.969378
1.418264,34,65.999885
0.917151,49,66.042884
2.353925,31,66.075888
4.90012,70,66.133395
2.900885,84,66.197948
3.923882,58,66.239944
3.308415,48,66.273957
1.443138,29,66.298433
1.285536,49,66.336461
1.509284,26,66.35546
2.652619,49,66.388
2.441789,30,66.409002
2.259687,29,66.431993
1.626871,24,66.449091
1.332364,22,66.46523
-2.189932,67,66.515094
1.356848,42,66.5602
-2.774483,61,66.609753
2.510893,35,66.633752
2.563388,42,66.663757
0.876557,39,66.693969
2.082468,49,66.80325
3.049934,98,66.882546
-0.664958,44,66.91977
1.754655,24,66.937768
1.479575,34,66.959769
0.620175,35,66.984294
-10.335752,87,67.045294
-0.332008,41,67.075301
3.039063,56,67.116527
1.476514,26,67.14801
0.784932,25,67.179724
-0.032287,43,67.211711
3.082786,47,67.24362
2.137749,35,67.267678
2.607193,42,67.299401
-0.157753,31,67.322157
4.203425,66,67.376901
4.253661,65,67.442796
4.026358,53,67.48286
1.795404,23,67.498848
1.37062,23,67.513846
1.468353,21,67.528844
0.481748,30,67.549842
-1.910954,32,67.572904
0.036859,30,67.594627
1.725247,30,67.616955
-17.97336,70,68.174651
3.08703,40,68.216145
1.052182,38,68.266148
-2.130298,39,68.31367
1.600502,25,68.337686
1.759822,32,68.361684
1.172691,44,68.394006
1.448866,23,68.412009
0.511006,28,68.433007
1.120381,23,68.450025
2.300432,32,68.473045
3.571634,74,68.525775
-1.600244,89,68.592721
-5.228998,51,68.627721
0.92392,26,68.646721
1.981782,28,68.668051
0.18741,46,68.700571
2.877845,39,68.73287
1.444364,62,68.793284
3.470082,48,68.827286
2.886371,37,68.853285
1.842238,23,68.870294
-0.272721,27,68.890599
1.98018,29,68.913604
2.197815,85,68.974006
2.1937,28,68.994556
-2.601484,39,69.023096
-4.93808,71,69.08319
1.013476,28,69.117837
0.606897,27,69.159645
3.069352,43,69.204495
2.08346,34,69.236242
3.143002,61,69.288378
3.098094,52,69.348579
-1.327512,20,69.378387
2.720025,46,69.444534
1.300741,19,69.474208
-1.096557,30,69.569403
1.901207,37,69.609979
1.800818,53,69.648969
1.256231,27,69.675396
1.052935,31,69.709025
-1.440161,29,69.734628
2.998194,44,69.767692
2.19634,47,69.804274
0.996233,16,69.817271
1.212504,28,69.837285
3.179398,55,69.876464
1.000095,17,69.890216
1.387071,25,69.908227
2.812268,39,69.950946
1.615937,88,70.51997
-0.003941,44,70.552073
0.584248,23,70.585723
-1.845035,42,70.618822
1.528347,39,70.656717
3.002487,78,70.721441
-0.351057,48,70.754443
1.744025,83,70.815201
-0.666324,24,70.832154
1.245535,23,70.849671
-5.783233,68,70.898792
2.400508,35,70.924807
5.408587,79,70.985903
-0.398638,25,71.005024
-9.181558,96,71.073277
2.85738,71,71.132341
-0.719692,68,71.189992
3.626731,56,71.227988
3.580339,50,71.26909
2.15733,54,71.309021
-2.508118,30,71.332509
0.010955,25,71.350511
0.259882,75,71.409162
-0.25181,28,71.432179
4.861064,65,71.482701
2.442406,64,71.532175
4.587239,65,71.578239
-2.099897,61,71.627781
2.485471,40,71.655712
3.088048,43,71.690132
1.694482,36,71.718132
3.871817,62,71.767132
-33.178909,102,71.839792
0.352328,20,71.857556
2.056174,29,71.892387
4.636525,74,71.989765
0.761146,81,72.045303
1.993501,32,72.069411
3.769781,67,72.141872
-2.571787,41,72.555149
0.396486,20,72.57415
1.269234,17,72.592657
2.515794,38,72.622657
0.759777,22,72.642661
3.594792,52,72.684167
2.451094,38,72.730168
1.564171,23,72.755184
2.613795,34,72.781183
1.799608,41,72.811349
3.277045,58,72.855553
3.896304,62,72.90008
1.648281,22,72.917076
3.037962,63,72.962078
1.287838,75,73.023193
2.198416,28,73.06659
2.087031,49,73.135149
0.651451,23,73.151603
0.179084,64,73.208618
-2.481819,77,73.285875
2.380308,32,73.307876
1.824576,42,73.338876
1.614594,28,73.359876
2.97648,40,73.389405
3.534608,49,73.426404
1.295252,43,73.458402
2.534605,33,73.482411
-20.800722,97,73.549039
1.760388,24,73.565024
0.694135,60,73.61456
7.504212,111,73.714258
-2.436692,45,73.74857
-4.089935,39,73.7796
1.683222,61,73.831348
3.203966,62,73.894929
2.421219,35,73.935928
5.661624,92,74.011226
2.071901,27,74.031224
2.794238,36,74.057226
2.817896,38,74.089291
2.023657,44,74.123291
2.749275,63,74.192814
-7.919121,66,74.249592
0.679915,17,74.262526
4.287382,67,74.791227
5.459425,71,74.86323
0.104528,42,74.903743
-0.720431,46,74.943745
0.460461,67,74.996995
0.601275,29,75.018018
3.317643,89,75.07852
0.204541,91,75.143936
1.018319,40,75.178712
1.389225,23,75.199642
0.257733,22,75.219614
3.778208,63,75.271246
-1.183446,64,75.319451
2.03688,24,75.341019
0.798604,65,75.388446
-14.655236,86,75.460679
3.504728,97,75.594787
0.590161,54,75.630818
1.584365,32,75.659789
-17.212202,119,75.804683
1.766264,47,75.871749
0.052914,19,75.900402
-4.89136,66,75.991743
1.769352,33,76.020988
2.622182,65,76.06788
1.67113,34,76.092409
-71.177581,104,76.167652
1.529514,50,76.227178
1.87127,58,76.274846
-0.810192,48,76.321558
0.381794,33,76.369607
-0.447309,35,76.416475
-0.913664,75,76.51066
1.072267,50,76.573674
-2.010791,48,76.649517
-0.252285,47,76.707942
2.649647,34,76.748843
2.980641,45,76.808471
5.709659,82,77.320238
0.714619,34,77.354234
0.896135,33,77.38424
4.211205,56,77.432745
2.362906,47,77.470761
-8.954648,50,77.505339
3.924854,56,77.549437
3.556522,46,77.581446
6.055412,132,77.678974
2.632787,46,77.712972
-5.126905,84,77.773898
2.82244,48,77.808284
3.018892,47,77.848581
-17.528064,131,77.964047
2.24185,50,78.001617
-2.909512,101,78.080545
2.976854,38,78.113106
2.691564,52,78.148089
2.308114,36,78.186148
-2.510679,32,78.225148
-2.112025,60,78.268616
1.67789,25,78.288606
0.260069,49,78.348604
3.475874,44,78.389617
1.10132,36,78.415756
-3.652273,54,78.454825
0.249427,24,78.473171
2.638206,34,78.500958
-1.045464,32,78.533006
1.447181,21,78.552884
0.978886,42,78.608604
1.208581,42,78.640601
-1.626955,43,78.684612
-0.298292,39,78.712381
-0.547338,24,78.729389
-2.355918,49,78.762713
4.823619,80,78.822146
2.510736,39,78.850474
1.929587,47,78.886189
1.896568,35,78.913983
-0.731101,33,79.277039
3.310243,44,79.315558
2.927067,43,79.374561
1.225461,40,79.41307
0.401197,41,79.451073
0.794806,22,79.473067
2.483202,34,79.499921
-0.387157,26,79.517814
1.496178,24,79.534879
0.607047,46,79.573796
2.639165,73,79.640187
3.228413,55,79.677143
2.44604,38,79.7027
-4.623538,102,79.814253
0.969799,29,79.835235
0.96787,32,79.858234
1.584805,29,79.878259
3.291545,44,79.907784
0.44747,67,79.956717
0.616424,31,79.978743
2.206906,40,80.006312
-1.814982,58,80.046294
0.531086,37,80.073542
2.451159,34,80.109327
3.670914,64,80.166131
-0.770111,37,80.192203
2.237446,43,80.23802
1.372773,28,80.273441
4.205237,54,80.314834
6.961404,109,80.401686
2.04154,32,80.424591
-3.08189,61,80.466196
-1.915291,34,80.493246
-1.514622,38,80.525264
6.59598,98,80.594831
1.154822,42,80.623851
-20.887814,81,80.692086
-0.855903,21,80.713448
5.64047,92,80.786894
4.928385,74,80.838022
1.523086,26,80.856017
2.177985,38,80.882934
1.854363,51,80.917474
-0.643574,40,81.225316
4.213436,81,81.288326
-14.967671,72,81.344836
2.46141,31,81.370839
5.615309,95,81.441622
2.149963,38,81.468637
3.861249,72,81.53058
0.06762,24,81.547583
3.311106,44,81.580719
0.957299,24,81.599334
3.270159,45,81.639402
3.979031,83,81.699183
0.879222,29,81.720514
-0.062599,31,81.751136
2.000997,42,81.860536
1.085223,30,81.905062
0.668093,37,81.937156
1.943392,38,81.966002
3.303829,43,82.010196
2.624714,32,82.034209
1.33569,42,82.065192
-0.257844,68,82.113722
1.862478,46,82.151301
3.124209,57,82.195877
1.730325,23,82.213761
0.924294,30,82.236922
1.148339,23,82.256779
1.531374,21,82.28033
4.252059,53,82.342706
2.146981,34,82.377799
-0.327303,31,82.41387
-0.075572,32,82.443577
2.34477,41,82.480603
3.609513,64,82.546702
1.676469,22,82.562975
-0.674912,29,82.586971
2.328882,49,82.63475
0.187441,31,82.658753
4.957276,91,82.725997
0.152596,17,82.738996
1.368461,36,82.766548
1.627983,23,82.790543
-0.042513,43,82.845428
2.862293,59,82.914244
1.846599,33,82.939693
2.95818,37,82.968072
1.070403,67,83.01817
-16.077079,91,83.4466
0.673966,93,83.535124
2.079327,32,83.570124
-1.819016,29,83.596659
2.13531,42,83.625662
-3.339836,43,83.656666
2.74168,99,83.727352
1.295469,24,83.748885
1.642349,30,83.778876
-0.130103,36,83.8054
2.632119,56,83.847431
-1.47187,40,83.889626
1.04734,34,83.928142
-1.886582,35,83.954142
-0.830821,117,84.038562
2.274889,45,84.071345
1.077682,108,84.148465
1.05148,71,84.199532
3.623678,96,84.27753
-0.016972,20,84.292537
2.687539,39,84.321586
0.507811,61,84.370436
-7.21875,65,84.416516
4.399086,60,84.457659
0.753548,18,84.472106
2.022915,27,84.49215
2.937921,69,84.576298
-0.916135,45,84.622187
1.87607,31,84.653927
1.720988,32,84.68679
0.483172,22,84.703315
-11.173489,90,84.773533
5.103931,72,84.847758
-3.083572,62,84.911967
3.320973,53,84.97586
0.210205,34,85.017788
4.460732,74,85.087794
-0.599339,32,85.109387
0.99283,67,85.155031
-0.15763,45,85.590991
3.757539,58,85.653205
-3.210999,43,85.690634
1.27665,24,85.711668
3.175441,53,85.76187
3.109754,60,85.812856
2.594102,38,85.8457
1.475944,38,85.877192
-87.540452,161,86.030805
3.102467,50,86.066777
1.229495,56,86.106014
1.362856,25,86.1259
1.013314,42,86.156139
2.837663,35,86.182257
2.733864,38,86.209799
1.200635,28,86.234799
2.465635,31,86.279259
-0.640702,136,86.408252
-3.837466,58,86.454252
3.907922,63,86.519047
0.525673,30,86.543044
0.319379,27,86.575237
4.940538,91,86.648366
-9.618687,66,86.694373
0.972489,41,86.722892
-0.172015,34,86.754295
2.526953,48,86.797864
3.971382,49,86.832891
2.3341,61,86.874436
-0.925161,21,86.889448
1.495531,19,86.903891
2.448379,68,86.959642
1.697143,28,86.984533
-28.347047,114,87.081131
-0.131913,52,87.136469
2.033709,40,87.18719
3.290613,52,87.253468
1.79177,29,87.279469
1.761592,118,87.706174
0.486126,44,87.763178
2.322323,28,87.792179
1.204991,51,87.836691
-1.587935,64,87.889709
1.026712,21,87.905234
1.355298,73,87.95823
0.821132,70,88.00876
-8.2902,69,88.079778
1.059643,24,88.098278
2.042181,27,88.119286
3.989879,61,88.168351
3.034399,61,88.229974
2.151484,39,88.257124
-0.902569,113,88.346991
0.366779,41,88.391067
0.30937,18,88.406629
2.044298,28,88.43439
2.885818,61,88.493534
1.187669,45,88.523096
1.927371,24,88.540075
1.246472,27,88.560103
-3.314765,50,88.620028
3.06683,40,88.656657
2.421121,33,88.693085
0.933613,32,88.717199
1.624763,23,88.740856
-0.11959,24,88.778858
-1.021637,25,88.810138
-1.584792,52,88.857457
6.416604,81,88.952525
2.545042,32,88.981524
1.395039,29,89.008324
1.401864,43,89.068214
-1.748723,36,89.096298
1.345447,24,89.112866
1.66003,22,89.129864
1.454591,22,89.148866
2.136084,41,89.186905
2.659002,34,89.21341
-1.214596,30,89.23441
0.804906,28,89.25441
2.283458,78,89.307937
1.338944,36,89.332937
3.737282,56,89.373938
-1.744933,74,89.43421
1.763168,24,89.462108
-0.679736,33,89.51164
3.527701,69,89.87736
-0.108925,36,89.920941
0.244125,37,89.954955
-1.553948,65,90.030546
2.580716,57,90.082543
0.449155,31,90.104133
2.402217,34,90.130123
8.290581,124,90.21556
0.328936,21,90.230591
1.488172,18,90.245558
2.457696,33,90.271559
2.937903,52,90.309102
1.850952,47,90.342105
3.488904,52,90.384103
0.163936,30,90.405625
7.990406,107,90.48323
4.096274,82,90.537939
-0.812187,27,90.556938
2.777916,47,90.591948
2.28541,66,90.637468
1.214611,47,90.669483
0.999048,34,90.695475
1.221301,20,90.708997
2.881065,35,90.733997
2.960193,52,90.769997
5.007774,71,90.818526
2.257241,30,90.840524
4.135473,60,90.886748
2.834682,46,90.919195
2.192629,28,90.940199
2.72607,47,90.972197
0.812349,34,90.997223
2.688469,33,91.020763
2.45738,32,91.044751
2.383122,47,91.076765
1.771674,29,91.098762
4.807094,62,91.144955
3.574972,45,91.193391
1.672522,22,91.212573
2.265585,29,91.236681
1.040204,22,91.257579
3.177171,46,91.293088
4.049909,61,91.337606
-14.182175,112,91.435263
3.918124,75,91.867304
4.607256,108,91.953816
2.947353,38,91.982817
2.728228,40,92.017333
0.938117,27,92.036349
1.119819,45,92.068341
1.47812,32,92.092378
4.019176,92,92.154963
2.554703,36,92.179305
4.872737,98,92.248329
-1.561842,45,92.283335
2.490374,32,92.307681
3.940713,50,92.347727
-7.089506,73,92.400737
2.004583,29,92.421172
2.480706,35,92.446171
3.717497,72,92.517992
0.069025,77,92.582859
-18.982109,91,92.644027
5.185858,66,92.689956
1.106736,32,92.713831
2.571552,32,92.736831
-0.166522,28,92.756826
2.041355,28,92.778829
-0.6978,33,92.812406
3.081489,64,92.861405
2.53122,36,92.896425
-1.628768,24,92.914945
3.953168,63,92.962986
6.891768,116,93.052018
3.14462,41,93.085643
0.389378,39,93.11618
2.358777,34,93.141183
2.214498,71,93.190191
1.432284,79,93.245712
-0.297928,49,93.279711
3.282582,63,93.363357
0.695768,27,93.383315
2.220572,36,93.414224
0.407323,28,93.794698
2.431117,62,93.844209
1.650362,56,93.88621
0.795512,35,93.913738
4.670767,64,93.969735
0.22436,25,93.987759
2.193847,40,94.017309
1.031953,33,94.04031
-2.076406,64,94.087121
0.309175,42,94.116634
2.932594,35,94.140924
1.909608,79,94.196414
4.140489,52,94.232754
-0.53616,35,94.266171
1.482755,25,94.286268
-1.473851,30,94.308489
0.94579,24,94.325708
4.60356,69,94.393582
1.667646,28,94.41295
1.305829,80,94.471617
4.83449,73,94.522083
3.848179,73,94.575656
1.322057,39,94.611072
-0.311452,86,94.683874
1.931016,33,94.712714
2.891381,36,94.737815
3.605286,50,94.774292
1.613544,73,94.827114
-1.724464,80,94.89851
0.826582,28,94.923022
1.1075,131,95.045883
1.326778,51,95.114373
-0.527951,170,95.301419
3.170374,51,95.367239
0.936605,50,95.423263
4.588001,74,95.476732
-0.324985,32,95.498734
6.154749,141,95.947792
8.188011,144,96.062309
-1.586524,40,96.121854
3.60193,85,96.19486
1.659112,38,96.224393
-2.52346,47,96.257948
-5.531419,60,96.3109
0.786169,51,96.359478
-0.882751,84,96.420739
-0.356772,19,96.433738
-7.000842,145,96.55091
0.961143,29,96.571906
2.562972,55,96.628071
5.881181,83,96.701183
3.47591,55,96.754194
1.628869,38,96.785193
0.418247,36,96.814734
3.60938,85,96.932998
-2.908449,96,97.011086
4.158183,108,97.086147
-8.94415,74,97.146616
2.253635,38,97.176713
0.728512,37,97.202754
-0.949081,92,97.265928
3.47126,61,97.314579
-0.627777,32,97.339134
0.168023,30,97.367019
-1.838176,25,97.390217
-72.422657,152,97.511358
-22.67728,131,97.913247
4.096466,53,97.957238
4.749369,72,98.029999
2.321556,28,98.058105
-2.303266,54,98.098232
-7.931285,73,98.147937
2.885013,60,98.189873
1.924534,33,98.213763
-6.651045,74,98.265768
0.919386,32,98.288767
3.057708,73,98.339856
7.551966,143,98.459978
2.857335,35,98.48629
0.495557,50,98.523808
1.677566,24,98.542058
2.610855,36,98.570222
1.838349,42,98.618837
2.84577,45,98.693879
1.711218,25,98.717198
-0.228108,35,98.745219
1.791888,60,98.794455
1.747884,24,98.811246
1.703527,22,98.828728
1.981571,28,98.859796
1.9711,55,98.900231
-0.130256,33,98.930305
-1.672394,31,98.958631
-6.098556,83,99.020206
0.397718,18,99.033207
3.948385,62,99.092059
0.011068,39,99.133364
-0.282581,26,99.156942
1.77396,24,99.18009
-14.002347,126,99.307185
6.310164,93,99.378002
4.038339,61,99.424751
-7.302786,135,99.537218
4.022246,64,99.62017
1.180716,21,99.653151
5.033044,83,100.155829
2.548278,38,100.190829
-1.277045,48,100.237341
5.52432,100,100.317935
4.51328,69,100.365925
2.057497,25,100.392939
-1.352938,46,100.433454
2.266178,65,100.485452
2.420066,36,100.510981
-1.863707,53,100.551037
1.131297,34,100.575234
4.675103,71,100.627594
3.303311,64,100.682361
2.248339,33,100.729562
1.656929,28,100.764546
3.576092,50,100.837904
7.508356,108,100.951659
2.89707,47,100.983677
5.21118,69,101.056544
2.359372,38,101.166442
0.828641,68,101.229979
2.361826,44,101.263996
-2.52063,91,101.339648
2.124498,29,101.363064
4.261245,61,101.419122
4.414053,61,101.463123
1.287614,44,101.49513
-0.002489,27,101.51565
1.362663,28,101.53565
1.749514,86,101.598177
-19.735158,73,101.659465
4.416465,62,101.703468
0.321639,53,101.742059
3.637961,57,101.784401
2.839193,40,101.81394
8.957863,121,101.900575
-9.713611,114,102.433609
0.570195,27,102.466609
2.40579,30,102.492702
3.363741,82,102.563182
4.23511,68,102.610702
-2.891667,71,102.659718
1.28005,40,102.689849
1.505894,39,102.718374
5.664578,82,102.775371
0.931449,37,102.811682
0.896387,65,102.894648
2.585063,53,102.95035
5.685168,103,103.022208
2.956546,40,103.054862
2.929658,57,103.118881
-4.859144,113,103.223311
2.786229,49,103.283207
-28.965561,127,103.372216
1.242249,89,103.433704
3.244443,40,103.460755
3.908274,51,103.495761
-0.01299,29,103.516433
4.534318,57,103.555432
2.371145,33,103.57942
2.737259,47,103.614594
1.233138,105,103.691927
2.041774,31,103.728509
3.836004,54,103.775508
2.468755,56,103.814792
-0.983925,38,103.840794
-6.766852,107,103.917379
0.693807,23,103.933389
0.650233,39,103.968727
1.348604,45,103.998156
1.375568,30,104.468074
-2.808513,32,104.497073
3.458542,47,104.535115
1.215046,30,104.561117
-0.972363,94,104.632631
1.967091,36,104.661648
-0.173775,120,104.743194
2.914973,40,104.771307
2.196164,27,104.793305
1.799941,29,104.815838
2.792237,38,104.845838
6.163705,94,104.953393
1.773304,34,104.979397
-4.114229,74,105.032068
0.255095,23,105.049421
1.971265,60,105.090419
2.647764,78,105.144749
1.636765,29,105.164773
8.145612,125,105.268912
0.818459,16,105.280899
2.937121,50,105.316947
-0.725505,47,105.353082
3.94899,51,105.404999
1.916013,26,105.429607
2.630196,35,105.456102
1.168588,35,105.480668
2.810371,47,105.516925
2.70297,52,105.581129
1.949389,25,105.599123
2.925628,42,105.628624
1.874349,49,105.66303
4.258352,81,105.71979
-1.933178,97,105.789773
0.21003,38,105.817939
3.073005,77,105.872462
0.057559,57,105.914078
0.249409,38,105.94605
5.675952,129,106.067427
1.388478,44,106.433494
1.647222,53,106.476489
0.685143,115,106.570001
1.943149,37,106.619513
-0.51818,103,106.695518
3.345798,66,106.740046
4.350589,56,106.779059
1.771713,67,106.827202
6.916646,99,106.921907
3.431936,56,106.95889
-15.135447,161,107.070646
3.817129,54,107.115883
2.483192,80,107.206028
0.811423,40,107.235492
1.145471,80,107.292492
0.792964,90,107.355756
-4.323216,78,107.408703
4.65979,66,107.455223
4.076788,89,107.520419
1.249981,91,107.590897
3.694485,70,107.647141
2.019308,32,107.686834
1.105703,23,107.719178
-7.000097,112,107.824697
4.615946,69,107.876699
1.753899,21,107.892553
2.710628,70,107.96456
1.414778,67,108.02639
-2.681689,59,108.072389
4.326144,70,108.472976
6.217639,93,108.545502
2.935365,42,108.573496
3.589872,49,108.606499
10.818333,147,108.693612
4.954878,79,108.746222
0.676999,22,108.769683
4.050594,98,108.839202
1.787744,83,108.890895
-5.153105,94,108.950321
2.387881,50,109.014397
0.548114,53,109.045945
2.851989,57,109.077808
6.661765,93,109.132642
3.683054,92,109.197251
2.277308,34,109.22506
2.003508,138,109.342217
1.196578,18,109.355202
-0.889951,80,109.405722
2.100444,42,109.432926
2.720072,43,109.458417
2.14653,49,109.48942
-2.089432,116,109.571468
4.313533,55,109.610604
2.076064,31,109.631166
3.801333,133,109.716718
1.724354,23,109.736791
1.343143,56,109.780247
2.360254,61,109.821796
2.698893,41,109.848799
3.579346,44,110.251508
-12.576741,122,110.333035
5.72301,73,110.386031
2.41421,31,110.41505
-3.979338,102,110.476556
5.594307,84,110.528114
5.242651,70,110.570277
7.979007,105,110.630114
-3.014747,54,110.660111
5.485448,139,110.738692
2.264836,101,110.795689
5.116459,101,110.855214
4.688635,107,110.937375
7.80808,121,111.008383
8.115921,119,111.090619
-1.917663,142,111.171203
4.571106,76,111.215738
-19.677867,152,111.302978
4.564618,62,111.338877
-0.492194,101,111.397052
5.660168,112,111.467782
5.155461,89,111.780324
-1.029819,81,111.842832
9.729627,126,111.916835
-2.981744,53,111.954341
4.828156,117,112.022925
2.821179,113,112.089878
6.068062,94,112.145519
7.616481,100,112.202523
10.728341,135,112.279786
4.471085,147,112.361352
13.497626,186,112.466668
7.802831,140,112.543221
3.293222,175,112.64076
4.788915,70,112.684394
2.616932,130,112.755917
-2.542039,114,112.817926
6.818074,147,112.900054
6.925213,115,113.193893
3.274216,52,113.231401
2.690086,35,113.254444
3.425644,63,113.300401
7.161763,145,113.413925
2.945637,56,113.446014
3.124328,81,113.492407
2.736556,43,113.518609
1.028796,46,113.547542
4.590805,133,113.624305
4.964175,122,113.691996
1.136165,109,113.750856
4.058154,56,113.781961
0.234385,162,113.870148
9.883346,131,113.94463
-5.029787,104,114.00264
1.943628,116,114.066401
5.810725,149,114.154751
5.283512,97,114.209217
3.886435,93,114.25979
0.792521,106,114.3354
6.717027,98,114.393407
0.524158,34,114.736331
4.780095,93,114.817333
7.662899,110,114.888839
0.479527,59,114.925366
5.473351,100,114.981379
-2.00116,72,115.022892
3.098153,49,115.051893
-0.890314,91,115.105708
2.813582,56,115.138738
6.358964,149,115.218796
-1.909501,133,115.28933
6.71488,92,115.34085
0.851748,42,115.364852
0.993289,132,115.44339
4.102998,111,115.523899
5.655473,123,115.612389
0.230329,26,115.6312
5.105855,115,115.717943
2.583843,133,115.810133
3.349989,97,115.877492
1.796582,66,115.946466
10.966093,147,116.070019
-6.947715,112,116.4801
3.607969,59,116.543612
4.194623,80,116.604613
11.526387,188,116.732677
6.223892,116,116.809686
3.432402,50,116.842205
-0.687179,161,116.952731
2.030898,106,117.027255
5.026606,83,117.083255
2.796267,60,117.134802
1.034796,87,117.194801
-10.517231,136,117.28633
8.293836,122,117.377902
-0.829381,64,117.423653
2.436413,75,117.476651
-0.384397,121,117.559198
-3.157387,118,117.639457
5.888744,85,117.700599
7.16467,95,117.775625
6.612181,99,117.846291
8.011478,110,118.243813
5.252682,120,118.333353
5.454395,91,118.417343
5.811959,80,118.471766
9.815257,146,118.571759
7.507529,118,118.656243
2.252767,84,118.718545
4.388207,95,118.837168
0.026096,152,118.983512
7.386486,109,119.07846
-3.93318,122,119.173985
6.379303,111,119.250516
5.126969,141,119.35029
5.094222,150,119.460277
-24.961081,125,119.551025
7.071898,218,119.705584
10.854823,202,120.188653
7.62336,109,120.283184
3.384337,58,120.340688
8.295649,136,120.436374
3.762918,111,120.519591
-8.324897,98,120.596292
6.460802,129,120.703624
3.399547,120,120.795305
-0.312978,97,120.880981
4.631415,85,120.945537
7.656112,132,121.041637
2.236333,170,121.167636
2.633024,122,121.264366
-13.245413,129,121.365076
-3.069582,114,121.449859
4.086912,173,121.594373
10.382233,142,121.711797
5.648869,80,122.100798
4.921999,143,122.27395
3.161069,69,122.330805
4.0154,151,122.44694
4.137607,118,122.530766
-0.100582,41,122.563172
-6.586978,96,122.632328
5.385277,78,122.693884
0.031869,63,122.737278
4.497163,90,122.802761
6.809047,135,122.904233
3.186089,89,122.969755
3.981645,157,123.074322
3.48934,68,123.121439
4.438026,87,123.186986
5.771848,133,123.323219
9.090755,125,123.411737
10.47921,137,123.527589
6.039723,141,123.628372
1.276885,159,124.029436
7.986846,131,124.158459
6.191231,119,124.259118
3.826403,88,124.317311
5.838222,84,124.398
6.960546,112,124.519942
10.39705,178,124.657382
7.733596,119,124.747809
5.529736,106,124.827994
7.200552,106,124.911449
2.802359,79,124.977787
2.547502,86,125.03843
0.935835,99,125.112417
2.462606,89,125.191393
2.349723,55,125.239395
-0.026801,44,125.283385
4.754688,63,125.327878
3.571447,109,125.410815
3.262866,105,125.485221
3.853589,105,125.562243
6.451875,139,126.019679
3.965662,103,126.105402
4.85599,139,126.214016
7.004169,107,126.296785
3.901041,55,126.334603
3.741086,49,126.367605
4.339415,92,126.429722
6.705875,139,126.521441
4.45797,60,126.561102
4.574414,139,126.652037
4.985057,83,126.712038
4.229678,60,126.759382
4.376363,83,126.829506
9.897105,130,126.934455
4.824432,110,127.011461
6.639994,162,127.144633
7.343946,144,127.26375
7.535663,123,127.354847
8.354665,125,127.446395
5.308009,100,127.520042
5.525538,142,128.039676
3.009794,151,128.160185
-12.057527,138,128.254395
1.506368,107,128.327069
0.84606,114,128.409394
6.644366,172,128.528656
-34.812797,250,128.699707
-58.039272,153,128.813785
9.47178,144,128.911691
7.780651,167,129.029332
1.020448,112,129.125443
10.457573,135,129.245875
-16.361338,117,129.327919
2.933161,66,129.379153
8.81963,174,129.806213
5.699336,107,129.884728
-2.496188,152,130.003296
1.440566,56,130.041898
7.756089,131,130.133894
8.812226,133,130.228449
7.493012,111,130.304178
6.484565,112,130.396122
-3.41828,154,130.513908
10.276316,145,130.620831
1.333492,86,130.683496
8.805725,151,130.796419
3.886355,65,130.844673
8.231868,112,130.937035
11.770812,228,131.105902
6.636404,181,131.237386
4.789447,114,131.600597
1.079529,29,131.623598
6.09324,145,131.77263
-7.390357,167,131.887337
5.587177,102,131.961603
-3.663024,223,132.115311
7.196991,117,132.219829
-2.662981,133,132.316949
9.877137,160,132.426628
7.76385,103,132.503401
5.495995,109,132.588955
10.55329,168,132.720201
5.867027,140,132.821974
-4.560941,107,132.900254
5.181688,86,132.976106
6.404643,135,133.079658
3.654597,143,133.589454
4.599593,84,133.700963
-47.654878,177,133.826813
-14.518461,136,133.924265
8.727218,124,134.018246
8.052124,170,134.139692
6.317044,117,134.24997
5.477879,123,134.361991
0.597774,151,134.489759
5.180446,148,134.590614
7.866108,110,134.669607
5.923415,88,134.741601
-9.21042,254,134.971841
5.738638,272,135.16746
12.0519,338,135.771029
9.924965,151,135.890249
3.356634,154,136.004306
8.798481,138,136.102954
-4.461074,137,136.198264
3.56678,136,136.301514
7.145378,144,136.408196
-15.096257,168,136.525953
8.871721,162,136.660161
-0.685029,81,136.740269
-10.14244,165,136.852911
7.685153,108,136.92793
5.321226,147,137.027432
4.445991,103,137.624083
6.231052,114,137.759326
7.638272,132,137.870052
2.087607,155,137.98019
12.812033,181,138.111473
8.336702,107,138.186965
3.398832,209,138.360142
10.247714,154,138.468618
11.370528,160,138.611988
3.829713,91,138.675197
-11.149812,196,138.817158
-2.205576,172,138.939697
1.076182,78,138.99821
6.57018,125,139.086737
10.866989,144,139.5308
10.661686,161,139.705821
3.781538,72,139.759365
4.29946,112,139.837374
2.214571,131,139.926895
2.884647,85,139.9964
7.867543,142,140.108764
7.373448,121,140.206746
3.63668,127,140.305376
-6.078677,145,140.411037
5.209011,118,140.495691
8.560293,207,140.690286
-0.250624,134,140.797289
1.494447,114,140.880833
4.212383,111,140.972256
8.856874,134,141.079578
5.815112,142,141.460002
5.051092,82,141.561511
2.812478,242,141.736044
-32.488852,207,141.876093
6.2791,109,141.95362
3.120284,64,141.99762
5.884139,132,142.09178
-0.67373,136,142.1877
8.434796,149,142.305739
-12.113929,144,142.407808
3.770892,110,142.485332
8.485271,158,142.600504
4.960418,126,142.70495
2.389954,110,142.781772
-39.724814,193,142.93821
3.604264,101,143.336786
4.591358,87,143.413296
-6.295925,215,143.578537
7.661083,164,143.689466
7.932407,109,143.767898
13.597097,226,143.915653
4.509929,120,144.002337
2.315347,51,144.035319
5.434913,132,144.128835
7.517723,125,144.226323
3.311774,135,144.324692
5.668558,114,144.408191
10.995245,197,144.556643
2.444117,128,144.663483
-0.514063,182,144.822634
4.840547,67,145.170688
9.11798,152,145.307214
-2.063565,154,145.421636
10.17399,169,145.561354
-3.290204,143,145.680969
6.794862,123,145.777943
0.47454,24,145.795942
3.429864,49,145.838013
7.267867,103,145.906541
3.827521,58,145.950061
7.500266,115,146.050924
5.134788,117,146.149623
2.495632,33,146.182243
0.580242,95,146.264108
-1.894588,135,146.372613
2.888477,91,146.441635
3.545676,110,146.525561
2.313072,159,146.645423
-0.168342,159,146.759887
8.323405,145,147.169961
3.066925,83,147.236959
-1.672967,164,147.35149
-0.386973,153,147.461955
9.748812,133,147.56545
13.328086,189,147.716958
7.473239,102,147.806526
4.729608,99,147.886049
-4.492812,177,148.007116
1.722312,108,148.081722
5.38076,115,148.185435
6.590905,94,148.252509
4.35558,121,148.352506
7.604202,139,148.467638
8.476931,169,148.591789
7.041952,93,148.991513
9.572725,166,149.117023
3.317742,112,149.19655
3.594343,91,149.258565
7.422458,141,149.37088
6.74623,93,149.435951
4.706394,128,149.523481
14.550081,201,149.671167
16.739828,231,149.827903
3.132373,104,149.899962
0.316418,34,149.923963
7.684468,111,150.001535
2.938009,57,150.043534
-4.069613,143,150.144944
-15.648481,130,150.237733
2.625132,65,150.285258
9.174863,126,150.374781
3.448663,74,150.426782
11.123102,152,150.842449
9.04817,132,150.939962
-0.325908,113,151.01965
7.633362,109,151.095303
-3.521811,138,151.193031
7.481911,98,151.260041
4.220451,123,151.36156
9.504376,169,151.490613
7.153976,108,151.578752
0.219841,200,151.745516
9.644607,151,151.852064
3.469637,117,151.979813
2.770315,43,152.00882
7.275758,108,152.083594
3.743878,111,152.161561
6.917146,152,152.269378
7.065267,123,152.737764
7.438726,113,152.824307
3.990066,95,152.908152
7.324418,106,152.98412
7.412961,117,153.075063
4.316571,135,153.166859
-9.606707,347,153.42393
1.663052,133,153.518885
5.444873,82,153.581888
6.967524,100,153.656864
2.426936,53,153.703756
7.732666,113,153.795449
6.901677,119,153.927982
3.654821,101,154.029228
10.989636,156,154.158345
6.364748,93,154.242521
7.991158,121,154.748286
6.400761,112,154.838794
9.245221,121,154.938305
8.467742,144,155.035832
8.70469,118,155.123508
3.531213,114,155.20939
9.670284,138,155.320917
4.306918,173,155.453812
2.731212,67,155.499641
-2.746528,214,155.642418
4.831496,99,155.709248
4.128559,102,155.778078
8.204685,114,155.852974
5.403076,117,155.930615
6.425189,86,155.99325
-3.592891,165,156.103072
5.050641,132,156.210011
9.946225,143,156.722494
10.59453,166,156.857024
6.435428,102,156.948566
13.044213,179,157.077868
7.527499,99,157.160897
4.506841,96,157.231703
4.726695,67,157.287581
8.532826,161,157.407194
6.389358,101,157.496632
7.993329,132,157.595472
9.377869,265,157.817383
6.769693,99,157.889102
6.241626,133,157.994432
4.748169,105,158.077653
5.61544,86,158.139868
7.517985,120,158.234988
24.05054,326,158.753539
5.766118,86,158.813067
4.340778,114,158.889666
12.380014,187,159.032012
5.270192,123,159.120619
4.822191,104,159.185432
6.592738,121,159.277759
3.545791,47,159.313449
6.592515,114,159.392974
0.266704,116,159.47948
9.385969,150,159.646042
5.251506,117,159.754182
2.624426,152,159.887876
1.007159,51,159.945869
3.469311,99,160.025578
8.189066,159,160.491775
6.68017,91,160.567778
8.506134,113,160.661287
3.835365,159,160.773836
10.313017,150,160.876637
11.954003,155,160.982331
11.060945,210,161.133066
5.822646,136,161.229526
11.099742,149,161.361753
7.962227,179,161.497101
6.019393,191,161.630274
11.348211,193,161.774053
5.890289,81,161.832197
8.005769,113,161.977649
6.372734,106,162.055569
11.177413,148,162.430439
7.296514,146,162.534969
0.441764,176,162.650785
8.905583,142,162.748545
4.460959,164,162.868824
7.205539,173,163.001771
9.668551,165,163.122952
8.937245,186,163.250337
3.114549,92,163.315369
9.901864,133,163.404488
5.215884,113,163.482219
7.52182,204,163.617598
10.924893,153,163.721071
9.2638,200,164.157096
7.265458,129,164.253603
16.119699,224,164.421025
6.994377,107,164.496548
11.34119,157,164.606084
17.821413,236,164.768145
8.400224,156,164.8784
8.830633,136,164.96924
8.940732,147,165.064959
4.914774,131,165.153665
7.524766,106,165.232095
8.00542,162,165.341715
10.585802,180,165.468373
8.057182,194,165.944025
12.701096,232,166.102118
8.424765,143,166.200338
6.785775,131,166.290424
7.138446,171,166.413718
5.280855,87,166.489829
4.819641,174,166.609336
8.634358,156,166.732722
-1.599771,251,166.920199
8.329235,205,167.058322
6.142674,103,167.130864
8.58554,133,167.230758
13.582058,181,167.653933
9.214666,136,167.763441
6.611487,186,167.899539
9.754272,145,167.996942
4.880367,94,168.064133
13.497942,181,168.201836
9.15278,205,168.379066
13.102562,202,168.52951
6.604743,115,168.62723
9.599122,184,168.760969
9.524518,128,168.861771
16.522362,232,169.050169
8.438689,117,169.137947
11.215119,150,169.551264
18.285028,254,169.734363
13.122571,213,169.882904
-14.048296,291,170.087609
15.057839,196,170.22676
8.686244,181,170.369914
11.23655,167,170.507098
12.701398,174,170.638668
9.590093,212,170.803962
5.140693,185,170.959301
8.121136,143,171.514413
3.921313,268,171.708449
7.057814,137,171.801264
13.953813,194,171.94063
9.885465,133,172.040494
12.18366,174,172.161766
-4.052939,235,172.319313
12.446421,164,172.437857
12.530539,173,172.558477
12.861761,252,172.751209
-5.33829,333,173.300957
11.959089,223,173.460491
11.800158,237,173.630463
-0.224871,194,173.783813
18.525602,329,174.006234
8.560274,116,174.086241
2.243223,272,174.280138
10.754465,146,174.399246
10.561542,170,174.562263
17.562856,232,174.729232
11.969432,155,175.135268
25.425336,389,175.40643
16.499712,251,175.579987
11.540983,151,175.685503
7.767553,132,175.778838
12.630038,180,175.917047
14.795686,224,176.067569
13.713532,204,176.204791
13.071929,278,176.44194
10.155643,172,176.891223
14.067575,212,177.047252
16.372506,291,177.249622
8.847129,158,177.358863
14.653796,198,177.499961
15.675667,215,177.65254
18.168217,249,177.818595
12.596748,249,177.993153
7.431915,109,178.084628
7.598927,103,178.152211
7.598147,159,178.273419
10.529386,141,178.762089
14.282193,199,178.924138
12.542936,222,179.079101
9.165413,276,179.271815
15.466751,207,179.418722
21.593199,292,179.621045
15.354271,255,179.811653
11.990608,169,179.932761
13.337765,214,180.087426
13.675316,252,180.58964
20.968544,312,180.812532
30.186398,431,181.111829
12.973191,197,181.288538
15.710439,220,181.477526
11.748061,165,181.596236
16.116391,236,181.769084
10.289115,287,181.968619
14.595997,196,182.484237
19.099812,316,182.726731
10.416478,165,182.841938
16.586201,233,183.012392
14.787466,254,183.20046
16.528007,225,183.353987
23.092133,346,183.602327
13.149313,214,183.750231
6.254544,121,183.841068
22.720383,305,184.530364
22.503028,301,184.741865
11.747588,185,184.89215
21.999988,323,185.136347
18.127653,311,185.347228
13.045772,180,185.473699
14.959247,218,185.636807
23.164075,304,186.163648
22.346423,335,186.402136
26.237184,406,186.678344
13.767516,273,186.87009
23.898834,354,187.116516
25.210418,341,187.343686
31.247431,425,187.953346
32.273247,566,188.364489
33.276968,555,188.809694
26.37911,420,189.097005
9.652397,140,189.227973
30.693186,496,189.953648
20.483076,414,190.273186
30.583382,416,190.567382
29.837025,455,190.906801
53.939724,809,191.751671
45.83613,702,192.241392
68.785015,1000,193.019458
62.868856,933,193.945066
48.297651,789,194.500557
61.745373,927,195.453164
73.296363,1000,196.151255
74.655216,1000,197.118399
68.147899,948,197.762561
72.724713,1000,198.738906
74.861697,1000,199.424345
73.810619,1000,200.574886
74.039336,1000,201.232006
71.397963,1000,202.185653
73.380254,1000,202.879241
74.189674,1000,203.822035
74.895726,1000,204.522334
74.66182,1000,205.617333
76.100638,1000,206.338637
75.731695,1000,207.310418
74.382856,1000,208.056742
77.048788,1000,209.006832
72.472858,1000,209.704735
77.289953,1000,210.756138
74.013849,1000,211.445365
77.09462,1000,212.419917
73.884269,1000,213.196051
76.408166,1000,213.896646
77.25772,1000,214.930351
75.888105,1000,215.671692
76.419222,1000,216.764337
77.488369,1000,217.49919
72.72565,1000,218.610918
77.884143,1000,219.29027
77.182934,1000,220.575818
78.099202,1000,221.253491
74.115116,1000,222.442145
70.14262,1000,223.105801
77.933265,1000,224.140336
77.459249,1000,224.799174
78.127125,1000,225.816952
78.165858,1000,226.504968
77.399574,1000,227.467402
77.286011,1000,228.158799
76.309473,1000,229.339297
79.738106,1000,230.045606
78.633614,1000,231.161696
75.940877,1000,231.93687
78.771333,1000,232.989204
78.781239,1000,233.743729
77.456694,1000,234.876633
74.814425,1000,235.590021
77.025045,1000,236.544616
74.521356,1000,237.232105
77.388986,1000,238.231439
76.431189,1000,238.956216
78.658697,1000,239.964727
78.12874,1000,240.627994
80.313339,1000,241.835472
80.038247,1000,242.549312
75.904977,1000,243.553545
78.173135,1000,244.245608
77.252568,1000,245.313701
79.349511,1000,246.002387
79.601203,1000,247.13175
73.620328,1000,247.828364
79.634386,1000,248.854514
79.954029,1000,249.523286
77.795121,1000,250.236065
80.168729,1000,251.25607
80.726948,1000,251.981394
79.35462,1000,253.022197
76.634601,1000,253.723351
80.125906,1000,254.711227
79.454106,1000,255.470931
20.473387,271,256.088563
78.544194,1000,256.780318
80.731082,1000,257.939522
79.392441,1000,258.6451
81.046312,1000,259.633568
80.294849,1000,260.323632
80.879238,1000,261.024919
30.237556,393,261.661769
80.652411,1000,262.397454
80.38196,1000,263.488365
80.538057,1000,264.210935
80.539755,1000,265.53237
66.057545,842,266.11058
38.567107,497,266.46205
81.002436,1000,267.663035
80.334184,1000,268.485033
76.178729,1000,269.926477
80.13095,1000,270.676303
79.684391,1000,271.992866
81.431666,1000,272.764844
79.505241,1000,274.06359
77.925901,1000,274.928448
81.25117,1000,276.157293
80.398436,1000,276.915565
78.96787,1000,277.901114
81.195735,1000,278.591106
77.833125,1000,279.841699
78.125553,1000,280.611577
77.946235,1000,281.641577
80.683538,1000,282.312708
80.594596,1000,283.42467
81.574551,1000,284.127954
79.970677,1000,285.111135
79.2156,1000,285.794523
78.868323,1000,286.874365
82.013412,1000,287.541837
78.698772,1000,288.60711
82.244567,1000,289.298829
81.33162,1000,289.96831
80.124208,1000,291.004489
82.330194,1000,291.675471
81.113494,1000,292.775806
81.826811,1000,293.437211
81.753636,1000,294.618726
80.551018,1000,295.293392
83.279996,1000,296.3465
80.719427,1000,297.007812
83.18901,1000,298.066729
83.071452,1000,298.754787
83.059241,1000,299.766883
79.574838,1000,300.436027
80.244133,1000,301.584475
81.104891,1000,302.285377
83.098041,1000,303.326237
83.303748,1000,303.984946
83.151482,1000,305.020091
83.167018,1000,305.690742
83.999944,1000,306.69888
83.482617,1000,307.363495
84.166031,1000,308.426085
81.59744,1000,309.090761
81.983809,1000,310.044363
84.255284,1000,310.716555
84.041787,1000,311.771746
81.425093,1000,312.452795
84.036434,1000,313.455471
84.557609,1000,314.121681
84.086353,1000,315.463978
83.123339,1000,316.154852
83.567189,1000,317.216168
83.995409,1000,317.917554
83.759805,1000,318.887991
83.493261,1000,319.568743
85.639214,1000,320.671415
84.63337,1000,321.353845
85.428119,1000,322.47724
84.290583,1000,323.17431
83.566854,1000,324.187974
84.725378,1000,324.901103
85.557212,1000,326.176491
85.700234,1000,326.970251
82.918255,1000,327.680595
84.621035,1000,328.671069
82.690132,1000,329.36233
56.333203,676,330.14409
85.556393,1000,330.832533
85.253119,1000,331.895311
84.849813,1000,332.589547
85.807618,1000,333.650572
85.803599,1000,334.369992
85.8182,1000,335.371104
85.579568,1000,336.092675
84.767613,1000,337.297011
86.407341,1000,337.993777
86.043787,1000,339.267764
86.024681,1000,339.987954
86.3774,1000,341.064792
86.110292,1000,341.718461
86.834006,1000,342.74167
86.662811,1000,343.448936
84.992916,1000,344.47853
17.968498,235,344.638754
86.861056,1000,345.336346
86.119631,1000,346.490126
87.032274,1000,347.217568
86.16788,1000,348.198826
86.997005,1000,348.881028
86.366382,1000,349.939383
87.46641,1000,350.63496
87.152569,1000,351.735373
87.17,1000,352.43575
85.412574,1000,353.900046
85.158073,1000,354.617599
87.220395,1000,355.881664
87.35293,1000,356.560224
87.978737,1000,357.753587
86.403299,1000,358.447401
88.041737,1000,359.545813
88.27939,1000,360.246727
87.587675,1000,361.371726
87.180391,1000,362.10249
82.604182,1000,362.751651
88.571153,1000,363.917477
84.97657,1000,364.562657
88.248366,1000,365.643443
87.223392,1000,366.377424
88.220861,1000,367.490268
88.177599,1000,368.200283
88.058944,1000,369.286895
88.535891,1000,369.973518
87.939779,1000,371.09436
88.680755,1000,371.851134
86.670079,1000,372.94804
88.52118,1000,373.664444
86.82003,1000,374.704361
89.236212,1000,375.426971
88.496463,1000,376.54646
89.138421,1000,377.26945
87.886323,1000,378.2214
89.250031,1000,378.933862
87.800649,1000,380.113731
89.589891,1000,380.798236
89.581902,1000,381.836484
89.403171,1000,382.516938
89.613247,1000,383.505217
89.918644,1000,384.189038
88.975596,1000,385.373947
88.326525,1000,386.073753
88.453733,1000,387.0391
90.129054,1000,387.744195
88.602066,1000,388.754258
89.623414,1000,389.449669
89.807975,1000,390.568613
89.405271,1000,391.263371
90.092119,1000,392.361041
88.285765,1000,393.041591
90.252033,1000,394.18609
88.2891,1000,394.891514
89.010331,1000,395.959853
89.705904,1000,396.647931
90.752183,1000,397.643936
87.829377,1000,398.380983
89.136729,1000,399.384152
90.435255,1000,400.091662
91.154937,1000,400.803827
91.272799,1000,401.756588
90.323087,1000,402.424899
91.427392,1000,403.51903
90.964034,1000,404.221366
91.408038,1000,405.195789
91.679673,1000,405.935154
91.832873,1000,407.045315
87.672169,1000,407.874403
92.140108,1000,409.050992
91.039193,1000,409.501103
92.228039,1000,410.222717
91.543156,1000,410.724011
92.228702,1000,412.165336
92.229751,1000,412.868528
92.396859,1000,414.413585
92.321042,1000,415.112077
92.051728,1000,416.47209
92.713037,1000,417.239583
91.686334,1000,418.613821
92.308482,1000,419.376152
92.782472,1000,420.567104
91.989413,1000,421.336578
93.070599,1000,423.101065
92.908821,1000,423.849725
91.124512,1000,425.258763
92.987294,1000,425.989638
93.143123,1000,427.21065
93.717352,1000,428.001708
92.75768,1000,429.242293
93.306612,1000,429.949464
93.689946,1000,431.363951
93.400003,1000,432.073498
93.763004,1000,433.239015
93.416683,1000,433.979696
93.196117,1000,435.17974
91.028756,1000,435.89641
92.13639,1000,437.027089
92.059563,1000,437.75425
92.808198,1000,438.742852
93.335147,1000,439.478075
93.838496,1000,440.454817
93.691317,1000,441.158127
92.931479,1000,441.829448
92.847523,1000,442.891715
92.95363,1000,443.665773
93.865194,1000,444.764918
91.271654,1000,445.499048
94.031722,1000,446.515494
92.999371,1000,447.204549
93.353519,1000,448.449924
93.696193,1000,449.153492
94.311477,1000,450.265689
91.260421,1000,450.96552
93.28593,1000,452.213001
94.110653,1000,452.922663
93.613327,1000,454.009815
94.529321,1000,454.734974
92.405003,1000,455.717523
94.184753,1000,456.39099
94.262317,1000,457.474607
94.054393,1000,458.175954
93.720879,1000,459.196665
92.303803,1000,459.908052
94.492565,1000,461.013922
93.756911,1000,461.669334
94.24543,1000,462.827084
94.754505,1000,463.508601
94.592089,1000,464.58388
92.909496,1000,465.283434
92.108591,1000,466.326066
94.356768,1000,466.999805
94.400329,1000,468.006696
94.578265,1000,468.679776
94.1839,1000,469.733629
93.656489,1000,470.435306
92.832169,1000,471.482192
93.923561,1000,472.190905
