time/fps,time/iterations,time/time_elapsed,time/total_timesteps,rollout/ep_rew_mean,rollout/ep_len_mean,train/clip_fraction,train/policy_gradient_loss,train/approx_kl,train/clip_range,train/std,train/learning_rate,train/value_loss,train/entropy_loss,train/explained_variance,train/n_updates,train/loss
5345,1,0,4096,-316.11015771,37.22,,,,,,,,,,,
4314,2,1,8192,-323.18882444999997,42.95,0.084765625,-0.010793537177960388,0.00850765,0.2,0.9997074604034424,0.0003,8.365466403961182,-5.6748938977718355,-0.03339731693267822,10,3.736799478530884
4051,3,3,12288,-353.05028232000006,52.22,0.0754150390625,-0.009645263527636417,0.0077390266,0.2,1.0086498260498047,0.0003,5.519117841124535,-5.691346871852875,-0.053816914558410645,20,1.9107334613800049
3978,4,4,16384,-405.86822008999997,64.21,0.07529296875,-0.009533651752281002,0.00741669,0.2,1.0125563144683838,0.0003,3.5420324176549913,-5.7181499898433685,-0.19878709316253662,30,1.6260915994644165
3861,5,5,20480,-453.84122547,76.5,0.0633056640625,-0.00928063634200953,0.007279706,0.2,1.0141849517822266,0.0003,2.7347424596548082,-5.727665054798126,-0.1298515796661377,40,1.269989252090454
3848,6,6,24576,-547.2998943,88.04,0.04306640625,-0.008313957724021747,0.007017629,0.2,1.0195425748825073,0.0003,2.6328717648983,-5.739255368709564,-0.42731428146362305,50,1.0279361009597778
3745,7,7,28672,-657.95785968,94.29,0.047705078125,-0.007668230912531726,0.0061298525,0.2,1.020564079284668,0.0003,2.5738856896758078,-5.75294439792633,-0.10237717628479004,60,1.1200774908065796
3680,8,8,32768,-765.2185573199998,95.46,0.0419921875,-0.007724430679809302,0.006058677,0.2,1.0281789302825928,0.0003,2.339200657606125,-5.768659746646881,-0.27723073959350586,70,0.7337116003036499
3688,9,9,36864,-864.62858326,105.23,0.0551513671875,-0.010016130295116454,0.007082318,0.2,1.0358176231384277,0.0003,2.494095915555954,-5.799499708414078,-0.21765530109405518,80,1.0399501323699951
3709,10,11,40960,-856.3125279700001,110.21,0.0378173828125,-0.007435029034968466,0.005864621,0.2,1.03986656665802,0.0003,1.959266397356987,-5.823212218284607,0.10883623361587524,90,0.5819312930107117
3734,11,12,45056,-1066.0954333199998,123.71,0.0554931640625,-0.008456972285057419,0.006933287,0.2,1.0436184406280518,0.0003,1.0852438397705555,-5.838136386871338,0.36101192235946655,100,0.28786301612854004
3704,12,13,49152,-1095.9262996,126.88,0.03212890625,-0.005920396382862236,0.006154594,0.2,1.0443719625473022,0.0003,2.0100304797291755,-5.847821015119552,0.2592277526855469,110,0.4960804581642151
3708,13,14,53248,-1246.05185451,128.7,0.0557861328125,-0.00747567061916925,0.006834042,0.2,1.0472643375396729,0.0003,1.2325624532997608,-5.853572517633438,0.48857545852661133,120,0.3619251847267151
3741,14,15,57344,-1196.23706407,129.17,0.0352294921875,-0.006939451812650077,0.005783955,0.2,1.0476912260055542,0.0003,1.3688298605382443,-5.861647135019302,0.5077768862247467,130,0.41116052865982056
3736,15,16,61440,-1387.0625455100003,134.97,0.0288818359375,-0.006849049567244947,0.005081444,0.2,1.056606411933899,0.0003,1.00172982737422,-5.8753362715244295,0.6358771324157715,140,0.26907166838645935
3701,16,17,65536,-1440.0992952000001,137.7,0.0366455078125,-0.006362827858538367,0.005206107,0.2,1.0575958490371704,0.0003,0.7270560711622238,-5.8986299395561215,0.7735083848237991,150,0.0577552393078804
3616,17,19,69632,-1372.9967183,131.44,0.0601318359375,-0.008284015537356026,0.006660241,0.2,1.060146450996399,0.0003,0.3984113775193691,-5.9041497766971585,0.9108374863862991,160,0.03532491624355316
3527,18,20,73728,-1407.4925754700002,130.94,0.049365234375,-0.006764501865836792,0.0062356335,0.2,1.061610221862793,0.0003,0.2290612854063511,-5.913317531347275,0.9402315616607666,170,0.020007014274597168
3485,19,22,77824,-1175.3493721,119.45,0.05078125,-0.007227916293777526,0.0066361604,0.2,1.0610696077346802,0.0003,0.2773583196103573,-5.914544421434402,0.9621732458472252,180,0.025584042072296143
3358,20,24,81920,-883.0560742999998,98.58,0.069775390625,-0.009937593511131127,0.0076198233,0.2,1.066190481185913,0.0003,0.24960066378116608,-5.922311532497406,0.9534817822277546,190,0.023261308670043945
3287,21,26,86016,-575.1855107900001,79.98,0.0561767578125,-0.007143858214840293,0.0065366346,0.2,1.0602374076843262,0.0003,0.27342047169804573,-5.922554051876068,0.9456500858068466,200,0.050347454845905304
3206,22,28,90112,-386.26733165000013,59.03,0.071435546875,-0.0102681692209444,0.007597757,0.2,1.0645804405212402,0.0003,0.24584530368447305,-5.915630602836609,0.9342978820204735,210,0.02423456311225891
3163,23,29,94208,-255.02679311999998,41.21,0.0551513671875,-0.007215655382606201,0.0067045474,0.2,1.0682084560394287,0.0003,0.2823002954944968,-5.932923078536987,0.7678759396076202,220,0.05016350746154785
3107,24,31,98304,-264.81465317000004,36.04,0.0432861328125,-0.006850026710890233,0.005395367,0.2,1.0644289255142212,0.0003,0.1744988365098834,-5.933566373586655,0.8197133243083954,230,-0.0028822794556617737
3038,25,33,102400,-275.97897361,38.79,0.0595703125,-0.010146215814165771,0.007315619,0.2,1.067705512046814,0.0003,0.157073157094419,-5.92916356921196,0.8668235540390015,240,-0.01015906035900116
2995,26,35,106496,-221.6791595,37.39,0.0524658203125,-0.007375061980565078,0.0063696825,0.2,1.0764389038085938,0.0003,0.1214816934429109,-5.953799140453339,0.9311863780021667,250,-0.025311127305030823
2953,27,37,110592,-266.45933455,42.81,0.074951171875,-0.00913851551595144,0.008108556,0.2,1.0796438455581665,0.0003,0.10298337563872337,-5.9782366275787355,0.9059047549962997,260,-0.01669982820749283
2941,28,38,114688,-193.57027488999992,41.73,0.0671142578125,-0.009357250767061486,0.0077912277,0.2,1.075090765953064,0.0003,0.1458185924217105,-5.974217677116394,0.9273755252361298,270,-0.008799567818641663
2905,29,40,118784,-195.47231255,44.76,0.068212890625,-0.00878939740068745,0.0075242845,0.2,1.0776100158691406,0.0003,0.10809877356514334,-5.971284133195877,0.5654264688491821,280,-0.02387092635035515
2886,30,42,122880,-193.65245229999996,48.67,0.0643798828125,-0.00823587138147559,0.0063042985,0.2,1.0729010105133057,0.0003,0.07418080014176667,-5.967557287216186,0.6744047999382019,290,-0.02888423204421997
2862,31,44,126976,-167.35632666,51.42,0.0500244140625,-0.008945932908682152,0.0069341846,0.2,1.0690031051635742,0.0003,0.08764757150784135,-5.94925731420517,0.6823976635932922,300,-0.037718698382377625
2798,32,46,131072,-157.23640465,52.44,0.085107421875,-0.01221131302008871,0.009058978,0.2,1.0682847499847412,0.0003,0.06589714088477194,-5.941034877300263,0.5273785293102264,310,-0.04797101020812988
2785,33,48,135168,-162.38482054,50.51,0.05322265625,-0.009300497692311182,0.0061171576,0.2,1.0635401010513306,0.0003,0.05075656771659851,-5.931758487224579,0.6315324902534485,320,-0.05294349789619446
2755,34,50,139264,-156.38774367000002,58.5,0.0818115234375,-0.009474846278317272,0.0068296497,0.2,1.0638723373413086,0.0003,0.06664607981219887,-5.923734098672867,0.6384402513504028,330,-0.033143069595098495
2724,35,52,143360,-152.92240763,60.63,0.0853759765625,-0.011545644354191609,0.007979102,0.2,1.0630321502685547,0.0003,0.06067837942391634,-5.921000295877457,0.7169490158557892,340,-0.037419065833091736
2711,36,54,147456,-133.84478117999998,62.21,0.10556640625,-0.013080610506585799,0.009408678,0.2,1.0700249671936035,0.0003,0.04630497288890183,-5.933833712339402,0.8429276496171951,350,-0.05683593079447746
2698,37,56,151552,-124.73686099999999,67.95,0.0827392578125,-0.010166357015259564,0.0076611787,0.2,1.0703203678131104,0.0003,0.03868326977826655,-5.946568071842194,0.6592282652854919,360,-0.05989395081996918
2694,38,57,155648,-115.67225932,78.49,0.0950439453125,-0.013022522412938997,0.007878389,0.2,1.0646851062774658,0.0003,0.06158974133431912,-5.936930686235428,0.6586492359638214,370,-0.05248797684907913
2683,39,59,159744,-107.45630094,85.51,0.078759765625,-0.01008429471112322,0.007746901,0.2,1.0656617879867554,0.0003,0.031417440879158674,-5.926767265796661,0.7246131598949432,380,-0.05569734051823616
2681,40,61,163840,-113.10496082,92.94,0.0876708984375,-0.011442867353616748,0.0075552934,0.2,1.059786319732666,0.0003,0.03130321472417563,-5.916848284006119,0.7469571828842163,390,-0.05048586428165436
2667,41,62,167936,-117.05971439999999,104.31,0.078125,-0.01048417548154248,0.007768215,0.2,1.0582797527313232,0.0003,0.03339503207243979,-5.901564925909042,0.8425181210041046,400,-0.04646299034357071
2668,42,64,172032,-129.40650906000002,105.59,0.0923583984375,-0.012186572962673382,0.009169525,0.2,1.064008355140686,0.0003,0.02996727966237813,-5.907418143749237,0.8441306352615356,410,-0.058288585394620895
2667,43,66,176128,-125.87432166,114.41,0.0740478515625,-0.008504386330605485,0.0077779563,0.2,1.0664433240890503,0.0003,0.04228609199635684,-5.92387952208519,0.8472480922937393,420,-0.05177108198404312
2655,44,67,180224,-120.04760371999998,125.73,0.0704345703125,-0.009012227837229148,0.008465918,0.2,1.0633141994476318,0.0003,0.03021008730866015,-5.923406714200974,0.8897407501935959,430,-0.05541219934821129
2641,45,69,184320,-116.37751046000001,137.72,0.063720703125,-0.008866479565040209,0.0056978725,0.2,1.0656875371932983,0.0003,0.03457059205975384,-5.919628077745438,0.8439769148826599,440,-0.04918624833226204
2639,46,71,188416,-107.00724591,139.54,0.0905029296875,-0.009534594704746269,0.008419606,0.2,1.064526081085205,0.0003,0.04807244022376835,-5.922456806898117,0.7526295632123947,450,-0.0659266784787178
2629,47,73,192512,-99.38952077,142.99,0.050537109375,-0.007246574381133542,0.0053759543,0.2,1.06705904006958,0.0003,0.02820914504118264,-5.924424833059311,0.8727964758872986,460,-0.058518894016742706
2640,48,74,196608,-93.97447756,145.71,0.0447998046875,-0.007686541191651486,0.005688875,0.2,1.0679106712341309,0.0003,0.029360914579592647,-5.93105833530426,0.8956345543265343,470,-0.0562627874314785
2649,49,75,200704,-88.92133915000002,150.75,0.0659423828125,-0.008538694118033163,0.006672441,0.2,1.0652275085449219,0.0003,0.029014509706757962,-5.9293373882770535,0.8802095651626587,480,-0.06108566373586655
2643,50,77,204800,-81.22774498999998,154.78,0.0337158203125,-0.006031151002389379,0.0045060217,0.2,1.0573432445526123,0.0003,0.029367731255479156,-5.907780092954636,0.9131320044398308,490,-0.05583886802196503
2637,51,79,208896,-76.99758566000001,160.88,0.038671875,-0.006859780789818614,0.0050584637,0.2,1.055681586265564,0.0003,0.03410722934640944,-5.888790363073349,0.867228552699089,500,-0.06177622824907303
2630,52,80,212992,-71.51241421,157.45,0.0706298828125,-0.0107078701548744,0.006754106,0.2,1.0498244762420654,0.0003,0.024855014751665294,-5.874486970901489,0.8980206400156021,510,-0.06615317612886429
2626,53,82,217088,-60.48529531,159.25,0.0808349609375,-0.009888067597057671,0.007582836,0.2,1.0528874397277832,0.0003,0.023191618151031435,-5.868551725149155,0.8870741799473763,520,-0.06419006735086441
2616,54,84,221184,-59.09419648,159.51,0.070068359375,-0.009287641136324964,0.008368153,0.2,1.054980754852295,0.0003,0.019685795693658293,-5.880036050081253,0.9208571761846542,530,-0.05680863559246063
2618,55,86,225280,-55.563938099999994,159.89,0.0556884765625,-0.008609176037134602,0.0057053543,0.2,1.0575313568115234,0.0003,0.019043550943024457,-5.888759565353394,0.9113309234380722,540,-0.06513331830501556
2620,56,87,229376,-49.26081359999999,168.1,0.0739013671875,-0.01015985521080438,0.008431515,0.2,1.0551542043685913,0.0003,0.023300180910155177,-5.888098037242889,0.8978758007287979,550,-0.06368622928857803
2612,57,89,233472,-42.885229370000005,172.34,0.070068359375,-0.008368652156786994,0.007175512,0.2,1.0551724433898926,0.0003,0.01073494201991707,-5.8824682354927065,0.9496542774140835,560,-0.0700288787484169
2614,58,90,237568,-35.85782459,176.35,0.076953125,-0.009411753917811438,0.006226918,0.2,1.055627703666687,0.0003,0.012282409879844636,-5.882635831832886,0.9472038857638836,570,-0.06955355405807495
2616,59,92,241664,-32.15651665,182.72,0.07568359375,-0.010373209186946042,0.0073171007,0.2,1.0613995790481567,0.0003,0.012874968920368702,-5.892942702770233,0.9460471756756306,580,-0.062316399067640305
2618,60,93,245760,-27.210897109999998,187.71,0.065234375,-0.00800583783420734,0.006858613,0.2,1.0633811950683594,0.0003,0.030078662605956197,-5.908385694026947,0.8961408883333206,590,-0.05009463429450989
2619,61,95,249856,-25.303547280000004,185.26,0.040234375,-0.005099800141761079,0.0052251173,0.2,1.0641013383865356,0.0003,0.011697854637168348,-5.912982845306397,0.9504740685224533,600,-0.06441780924797058
2618,62,96,253952,-28.996892250000002,187.11,0.0473876953125,-0.0062121418814058416,0.0064732116,0.2,1.064085602760315,0.0003,0.017040185863152146,-5.9142168164253235,0.9269751086831093,610,-0.0612979456782341
2616,63,98,258048,-22.96092197,191.05,0.060400390625,-0.009072986789396964,0.006116051,0.2,1.0600255727767944,0.0003,0.012656293268082663,-5.907161629199981,0.9548501223325729,620,-0.06727250665426254
2618,64,100,262144,-26.764306100000002,187.55,0.0869873046875,-0.009698904311517254,0.0077954005,0.2,1.0608386993408203,0.0003,0.046186334500089285,-5.8997384250164036,0.8522756844758987,630,-0.057530179619789124
2610,65,102,266240,-21.087170469999997,192.94,0.0731201171875,-0.010640274136676453,0.007219323,0.2,1.0634961128234863,0.0003,0.016907550126779823,-5.908568823337555,0.9449837282299995,640,-0.06913714110851288
2611,66,103,270336,-11.354129350000001,200.65,0.063427734375,-0.007555022355518304,0.0061287996,0.2,1.0646296739578247,0.0003,0.012505341798532753,-5.913738751411438,0.9478509798645973,650,-0.0630035400390625
2615,67,104,274432,-10.82160037,196.16,0.048388671875,-0.007109984679846093,0.0051986277,0.2,1.0644845962524414,0.0003,0.009282002109102905,-5.914414709806442,0.9681203998625278,660,-0.0629345178604126
2611,68,106,278528,4.2628192899999995,208.5,0.0554931640625,-0.006470234337029979,0.007012072,0.2,1.0676623582839966,0.0003,0.018846553249750285,-5.918564063310623,0.9438095465302467,670,-0.0634259432554245
2616,69,108,282624,12.70052957,215.7,0.0700439453125,-0.009424179623601958,0.0074033304,0.2,1.0622193813323975,0.0003,0.00804818383185193,-5.916296494007111,0.974085308611393,680,-0.06521998345851898
2612,70,109,286720,12.318792449999998,214.48,0.053076171875,-0.00817118211853085,0.0054961275,0.2,1.059201717376709,0.0003,0.00858399291173555,-5.899795889854431,0.9713932555168867,690,-0.0635288879275322
2609,71,111,290816,16.081283600000003,216.72,0.062548828125,-0.008114917518105358,0.0069438377,0.2,1.0576649904251099,0.0003,0.007614574203034863,-5.890455538034439,0.9717860855162144,700,-0.06917421519756317
2616,72,112,294912,19.10793131,224.71,0.054345703125,-0.008957490064494778,0.0069442578,0.2,1.050827980041504,0.0003,0.010740309045650065,-5.875523030757904,0.9584508910775185,710,-0.07234250009059906
2617,73,114,299008,23.63918314,228.23,0.05498046875,-0.008365478116320445,0.0064537134,0.2,1.0449347496032715,0.0003,0.007470569008728489,-5.852164596319199,0.971139170229435,720,-0.07380035519599915
2618,74,115,303104,28.488935669999996,235.96,0.0862548828125,-0.01040725278435275,0.008027618,0.2,1.0485782623291016,0.0003,0.020166254078503698,-5.846452742815018,0.9384100362658501,730,-0.06422200053930283
2617,75,117,307200,39.79764777,250.24,0.083642578125,-0.01015801765024662,0.0070354478,0.2,1.0467981100082397,0.0003,0.005951331416144967,-5.851743972301483,0.9761091396212578,740,-0.06799804419279099
2613,76,119,311296,47.77518255,262.88,0.079248046875,-0.011478148642345332,0.0073353206,0.2,1.0446176528930664,0.0003,0.0038294362049782647,-5.843491280078888,0.9846419906243682,750,-0.0715402290225029
2603,77,121,315392,57.366815079999995,275.09,0.0742919921875,-0.008972388214897365,0.006691836,0.2,1.0505229234695435,0.0003,0.01401161469402723,-5.847477585077286,0.9437956847250462,760,-0.06547601521015167
2602,78,122,319488,85.45684907,297.53,0.0601806640625,-0.008318675396731123,0.006034615,0.2,1.053504228591919,0.0003,0.003919331656652503,-5.866543889045715,0.9832976907491684,770,-0.06879815459251404
2602,79,124,323584,108.82376050999997,317.06,0.0428466796875,-0.0029730659967754035,0.0075759497,0.2,1.0554167032241821,0.0003,0.1791596302180551,-5.876627719402313,0.6484111547470093,780,-0.018600963056087494
2609,80,125,327680,144.13412704,346.8,0.092333984375,-0.005583371204556898,0.010846724,0.2,1.0554884672164917,0.0003,0.177964337693993,-5.881539463996887,0.639436662197113,790,-0.043141111731529236
2612,81,127,331776,148.52732806000003,354.94,0.0837890625,-0.007102444834890776,0.008904295,0.2,1.0545927286148071,0.0003,0.17539392565377057,-5.882056176662445,0.6500119268894196,800,0.005241788923740387
2615,82,128,335872,201.98442611000002,383.0,0.101513671875,-0.012022716068895534,0.008717777,0.2,1.0529232025146484,0.0003,0.005062296727555804,-5.87507334947586,0.9703070670366287,810,-0.0698734000325203
2612,83,130,339968,258.54990827999995,409.93,0.0428466796875,-0.0031908085162285714,0.007080921,0.2,1.0559691190719604,0.0003,0.45399305773898957,-5.8776802003383635,0.19532537460327148,820,0.04710995405912399
2608,84,131,344064,311.26959135,438.66,0.0797119140625,-0.006604397090268321,0.008066745,0.2,1.0481377840042114,0.0003,0.4945129044353962,-5.870995664596558,0.1355416178703308,830,0.2979775667190552
2603,85,133,348160,366.5190564799999,466.96,0.079345703125,-0.006052755334530957,0.00818455,0.2,1.0472482442855835,0.0003,0.5268957866355777,-5.85042964220047,0.009911537170410156,840,0.15334279835224152
2601,86,135,352256,438.44519027999996,501.99,0.0890869140625,-0.00577436811872758,0.010862904,0.2,1.0462816953659058,0.0003,0.4584873208776116,-5.848781245946884,0.04038602113723755,850,0.13284626603126526
2598,87,137,356352,492.16996682999996,526.07,0.0671875,-0.005272532391245477,0.009710316,0.2,1.0486648082733154,0.0003,0.6127315912395715,-5.852269333600998,0.02804696559906006,860,0.16816866397857666
2597,88,138,360448,547.67634523,553.35,0.1143310546875,-0.006909189431462437,0.010043826,0.2,1.0472900867462158,0.0003,0.3948739705607295,-5.855942344665527,0.46919459104537964,870,-0.022076692432165146
2597,89,140,364544,592.40175941,567.68,0.0645263671875,-0.0043773243203759195,0.0063861865,0.2,1.042788028717041,0.0003,0.43941460866481064,-5.841771000623703,0.509764701128006,880,0.16419467329978943
2597,90,141,368640,631.58410419,588.38,0.0850830078125,-0.004747664561728015,0.008832227,0.2,1.0421028137207031,0.0003,0.45157898850739003,-5.8325250267982485,0.46807366609573364,890,0.18389379978179932
2599,91,143,372736,681.78861366,607.39,0.0736328125,-0.0037432438984978944,0.0076471623,0.2,1.044409155845642,0.0003,0.32648749547079203,-5.835085666179657,0.5347993969917297,900,0.09218139946460724
2590,92,145,376832,737.8033459499999,633.36,0.078955078125,-0.005500697973184287,0.008419475,0.2,1.0455269813537598,0.0003,0.4356304004788399,-5.843254774808884,0.253628134727478,910,0.14759784936904907
2578,93,147,380928,784.7481926600001,649.39,0.071484375,-0.004171079598017968,0.007855274,0.2,1.0414272546768188,0.0003,0.42891705594956875,-5.837357425689698,0.5221786797046661,920,0.07169672846794128
2571,94,149,385024,831.9431220900001,664.37,0.0782958984375,-0.0034563608176540585,0.00803504,0.2,1.0412814617156982,0.0003,0.4332122938707471,-5.829123795032501,0.49388110637664795,930,0.11755038052797318
2571,95,151,389120,861.81395984,672.42,0.0929931640625,-0.006159750153892673,0.01048624,0.2,1.0366489887237549,0.0003,0.4184888805262744,-5.819820511341095,0.3712036609649658,940,0.09724597632884979
2568,96,153,393216,940.8359969500001,698.74,0.113818359375,-0.006071484420681372,0.009998442,0.2,1.0291545391082764,0.0003,0.4547857815399766,-5.795960205793381,0.2450079321861267,950,0.31003516912460327
2570,97,154,397312,971.27304309,707.83,0.0789306640625,-0.004224711320421193,0.008143783,0.2,1.0262014865875244,0.0003,0.68848412707448,-5.775217366218567,0.30205994844436646,960,0.27306827902793884
2565,98,156,401408,1031.8095818499999,723.94,0.081591796875,-0.005632048827828839,0.008903662,0.2,1.025963306427002,0.0003,0.4487311664968729,-5.767401897907257,0.33377569913864136,970,0.10708294808864594
2568,99,157,405504,1078.3048019,735.58,0.1134521484375,-0.0045923669473268095,0.010118272,0.2,1.023489236831665,0.0003,0.6529093869030476,-5.764248502254486,0.4287916421890259,980,0.20842842757701874
2572,100,159,409600,1059.12339797,722.57,0.120068359375,-0.005329271784285083,0.010362176,0.2,1.0187393426895142,0.0003,0.41040875371545554,-5.7491615295410154,0.4345032572746277,990,0.11231929808855057
2572,101,160,413696,1057.2005742899998,715.44,0.1339111328125,-0.007969386913464405,0.011040865,0.2,1.017712116241455,0.0003,0.528274716436863,-5.736727386713028,0.4894564151763916,1000,0.21534644067287445
2571,102,162,417792,1089.79990657,724.72,0.0908935546875,-0.006067219804390333,0.007888252,0.2,1.0175951719284058,0.0003,0.28224476757459344,-5.737443906068802,0.5673982203006744,1010,0.034919269382953644
2571,103,164,421888,1105.87130276,728.92,0.117333984375,-0.006370320485439151,0.010934589,0.2,1.0230847597122192,0.0003,0.6286721765995026,-5.744118493795395,0.09135079383850098,1020,0.1701263189315796
2571,104,165,425984,1124.2256898599999,738.34,0.110302734375,-0.005365275641088374,0.0108524375,0.2,1.0271199941635132,0.0003,0.51800085157156,-5.76279970407486,0.25064098834991455,1030,0.20626229047775269
2571,105,167,430080,1156.07447205,752.09,0.0701416015625,-0.0033565122110303493,0.007547434,0.2,1.02495276927948,0.0003,0.5564587395638227,-5.766611939668655,0.3039267659187317,1040,0.19300100207328796
2568,106,169,434176,1187.8182346,763.76,0.106640625,-0.005725672186235898,0.010384927,0.2,1.0222723484039307,0.0003,0.5558149743825197,-5.757805526256561,0.23727262020111084,1050,0.2590213418006897
2569,107,170,438272,1220.91305993,775.6,0.12197265625,-0.006326898637053091,0.008550421,0.2,1.0198984146118164,0.0003,0.5584428848698735,-5.7471373796463014,0.14089524745941162,1060,0.14245197176933289
2561,108,172,442368,1269.4323228599999,798.86,0.09716796875,-0.004215628629026469,0.009282451,0.2,1.0209360122680664,0.0003,0.5085799129679799,-5.7425230026245115,0.2818956971168518,1070,0.18544620275497437
2564,109,174,446464,1303.9135688600002,815.74,0.0766357421875,-0.0035769790410995483,0.0075037796,0.2,1.016850233078003,0.0003,0.5793583318591118,-5.737491911649704,0.102031409740448,1080,0.2362518459558487
2563,110,175,450560,1334.63704427,825.43,0.1118408203125,-0.005925586188095622,0.008379683,0.2,1.0147736072540283,0.0003,0.5339964646846056,-5.724617290496826,0.05913424491882324,1090,0.10855378210544586
2564,111,177,454656,1379.97273816,842.36,0.14462890625,-0.0078057342630927454,0.011646439,0.2,1.0075756311416626,0.0003,0.5099698165431619,-5.7074385464191435,0.2748650908470154,1100,0.13807156682014465
2566,112,178,458752,1376.6482132200001,842.36,0.120458984375,-0.005362268883618526,0.010497369,0.2,1.0023554563522339,0.0003,0.5325366826727986,-5.68129729628563,0.07966214418411255,1110,0.06548891961574554
2563,113,180,462848,1419.39192259,855.92,0.0859619140625,-0.0048410891176899895,0.00878429,0.2,1.0013842582702637,0.0003,0.5327634172514081,-5.669908285140991,0.02526688575744629,1120,0.31365981698036194
2567,114,181,466944,1454.67367206,872.05,0.0822509765625,-0.0050415361736668276,0.007032452,0.2,1.0026004314422607,0.0003,0.5259050570428372,-5.670368921756745,0.020680725574493408,1130,0.2899538576602936
2572,115,183,471040,1473.3465315099997,882.94,0.0635986328125,-0.002406096155755222,0.005713572,0.2,1.0050361156463623,0.0003,0.5367999471724033,-5.677252852916718,0.001073300838470459,1140,0.31616079807281494
2577,116,184,475136,1467.0201883700001,878.88,0.06142578125,-0.004482845033635385,0.0072487546,0.2,1.0069177150726318,0.0003,0.5236810827627778,-5.684727084636688,0.10823661088943481,1150,0.30861297249794006
2573,117,186,479232,1465.62169574,878.88,0.1204345703125,-0.006733482009440195,0.010511538,0.2,1.0108132362365723,0.0003,0.41855193451046946,-5.694427853822708,0.1637362837791443,1160,0.05752080678939819
2575,118,187,483328,1501.54942993,896.04,0.0750244140625,-0.0039041588315740228,0.007202106,0.2,1.0084871053695679,0.0003,0.5500756178051234,-5.698262643814087,-0.09737682342529297,1170,0.021457649767398834
2573,119,189,487424,1520.09775201,903.92,0.0916259765625,-0.005077058600727468,0.008370662,0.2,1.011078119277954,0.0003,0.5240026421844959,-5.695662802457809,0.0151405930519104,1180,0.21849767863750458
2577,120,190,491520,1519.8194021299998,903.92,0.130908203125,-0.006761515812104335,0.012705765,0.2,1.0118203163146973,0.0003,0.5167151918634773,-5.703469681739807,-0.002323746681213379,1190,0.4996977150440216
2578,121,192,495616,1565.8590293600002,920.37,0.121435546875,-0.0066415325360139835,0.011195395,0.2,1.0138521194458008,0.0003,0.5384594975039363,-5.708935081958771,0.015200197696685791,1200,0.22075830399990082
2582,122,193,499712,1582.24159781,927.93,0.0975830078125,-0.005356114986352622,0.00802144,0.2,1.0199519395828247,0.0003,0.509290686622262,-5.725320631265641,-0.005718231201171875,1210,0.2725457549095154
2583,123,194,503808,1600.3370817999999,936.2,0.0759521484375,-0.0047638618794735525,0.007273618,0.2,1.020998239517212,0.0003,0.663770591467619,-5.740622168779373,-0.028195738792419434,1220,0.5106485486030579
2583,124,196,507904,1651.7360009000001,959.17,0.10791015625,-0.005192344961687923,0.0069707707,0.2,1.0213688611984253,0.0003,0.39180022263899444,-5.7439999878406525,-0.02963578701019287,1230,0.058230072259902954
2585,125,197,512000,1632.0882926600004,951.2,0.050341796875,-0.0035460112616419793,0.00523165,0.2,1.019210934638977,0.0003,0.6372618015855551,-5.7420531749725345,0.006998300552368164,1240,0.25246673822402954
2588,126,199,516096,1631.8068551299993,951.2,0.1085205078125,-0.004786946179228835,0.011979466,0.2,1.0195287466049194,0.0003,0.3149778202176094,-5.735807549953461,0.3318653106689453,1250,-0.037353575229644775
2587,127,201,520192,1632.9041064699995,951.2,0.0862548828125,-0.004926274642639328,0.00756741,0.2,1.016052007675171,0.0003,0.7583944365382195,-5.729324835538864,0.009301483631134033,1260,0.40432167053222656
2588,128,202,524288,1635.77836659,951.2,0.0845703125,-0.003708032873691991,0.0070673414,0.2,1.014639973640442,0.0003,0.39470279719680545,-5.718309926986694,0.058989882469177246,1270,0.10695193707942963
2590,129,203,528384,1600.38431117,935.03,0.0794189453125,-0.005013478882028721,0.008399087,0.2,1.0176351070404053,0.0003,0.6525900594890117,-5.719496667385101,-0.03825485706329346,1280,0.17475393414497375
2590,130,205,532480,1566.0013549500006,918.79,0.088525390625,-0.004840187307854649,0.007441992,0.2,1.0208392143249512,0.0003,0.4008711498230696,-5.734121656417846,0.3193909525871277,1290,0.030175436288118362
2592,131,207,536576,1536.89800781,903.3,0.1078857421875,-0.007983140999567696,0.010522606,0.2,1.019592046737671,0.0003,0.5084756005555391,-5.738948076963425,0.32863497734069824,1300,0.16402985155582428
2590,132,208,540672,1493.91431771,880.5,0.1274169921875,-0.00732668312266469,0.008915542,0.2,1.0209519863128662,0.0003,0.5227758027613163,-5.741642415523529,0.37797582149505615,1310,0.12223099172115326
2590,133,210,544768,1498.7516098800002,880.5,0.1016357421875,-0.0067466486158082265,0.008594064,0.2,1.0188815593719482,0.0003,0.448443927615881,-5.7396418988704685,0.4793853163719177,1320,0.12954306602478027
2588,134,212,548864,1479.53811066,872.02,0.096435546875,-0.004409450641833246,0.008271171,0.2,1.0166568756103516,0.0003,0.5273962284438312,-5.7310048878192905,0.06603425741195679,1330,0.20237386226654053
2589,135,213,552960,1458.4297127,862.62,0.0784912109375,-0.004050389144686051,0.008592228,0.2,1.0158696174621582,0.0003,0.512802905216813,-5.723945224285126,0.20278120040893555,1340,0.059595637023448944
2590,136,215,557056,1475.1093248000002,868.33,0.0723876953125,-0.004514054054743611,0.008876269,0.2,1.0177059173583984,0.0003,0.5527510739862919,-5.72740353345871,0.11015468835830688,1350,0.05660025775432587
2590,137,216,561152,1510.35330479,884.28,0.088916015625,-0.003972087331931107,0.008533491,0.2,1.0144659280776978,0.0003,0.542227010987699,-5.727958881855011,0.3009452819824219,1360,0.22311720252037048
2590,138,218,565248,1514.7874840200002,884.28,0.1007568359375,-0.004457271352293901,0.009268478,0.2,1.0128533840179443,0.0003,0.535255915671587,-5.718230366706848,0.03411412239074707,1370,0.26684796810150146
2589,139,219,569344,1512.6416935000002,884.28,0.1120361328125,-0.004691408024518751,0.008543779,0.2,1.0110487937927246,0.0003,0.4334890007972717,-5.711564606428146,-0.026130199432373047,1380,0.1303100287914276
2591,140,221,573440,1511.06049283,884.28,0.0587890625,-0.0036731249652802943,0.0070747808,0.2,1.0090410709381104,0.0003,0.6356118131428957,-5.704881417751312,0.04905182123184204,1390,0.22018396854400635
2589,141,223,577536,1509.97365992,884.28,0.10029296875,-0.005006003694143146,0.009098548,0.2,1.0083472728729248,0.0003,0.4036113267764449,-5.700131332874298,0.052687108516693115,1400,0.1022280752658844
2585,142,224,581632,1512.5154667000004,884.28,0.106103515625,-0.004621984247933142,0.012157032,0.2,1.0057193040847778,0.0003,0.6379594365134835,-5.69345538020134,0.03260236978530884,1410,0.23461835086345673
2585,143,226,585728,1510.2266109300003,884.28,0.107470703125,-0.004741858929628506,0.008407515,0.2,1.0041096210479736,0.0003,0.3863535257056355,-5.685044896602631,-0.04373514652252197,1420,-0.019904211163520813
2585,144,228,589824,1509.38465003,884.28,0.1093505859375,-0.004241895597078838,0.008996099,0.2,1.0017800331115723,0.0003,0.6473520033061504,-5.6768126547336575,0.027993738651275635,1430,0.41875752806663513
2586,145,229,593920,1506.0497539100002,884.28,0.1099609375,-0.005374901136383415,0.008677805,0.2,1.001563549041748,0.0003,0.3911666275933385,-5.672859865427017,0.01572650671005249,1440,0.4377437233924866
2588,146,231,598016,1505.9389905800003,884.28,0.079345703125,-0.00268021479860181,0.0075492356,0.2,1.0078043937683105,0.0003,0.611144383251667,-5.682492578029633,0.017275869846343994,1450,0.207883819937706
2588,147,232,602112,1523.42852814,892.25,0.1521728515625,-0.005542036064434796,0.013572983,0.2,1.0076720714569092,0.0003,0.4108273206278682,-5.694685488939285,-0.0030808448791503906,1460,0.11914106458425522
2589,148,234,606208,1524.1904990600003,892.25,0.13740234375,-0.005429902285686694,0.01178762,0.2,1.0057587623596191,0.0003,0.6459160558879375,-5.689997613430023,-0.028194665908813477,1470,0.3428342938423157
2590,149,235,610304,1503.3560245400001,882.78,0.1019287109375,-0.005546869532554411,0.008188794,0.2,1.0076931715011597,0.0003,0.3938723778352141,-5.69029929637909,0.0014562606811523438,1480,-0.012896180152893066
2590,150,237,614400,1502.9960499100002,882.78,0.13037109375,-0.00680116415314842,0.008760406,0.2,1.007511019706726,0.0003,0.6824893664568663,-5.694457137584687,0.06537562608718872,1490,0.3276650309562683
2590,151,238,618496,1521.2956353499999,890.75,0.07568359375,-0.004257149179466069,0.007534042,0.2,1.0106735229492188,0.0003,0.3935871153138578,-5.702781355381012,0.027949035167694092,1500,0.288973331451416
2592,152,240,622592,1555.6003886400003,906.99,0.114599609375,-0.0055455548252211885,0.008557469,0.2,1.012674331665039,0.0003,0.5413273574784399,-5.7121973693370816,0.1211310625076294,1510,0.18914836645126343
2594,153,241,626688,1570.71997866,913.88,0.125048828125,-0.005073240576894023,0.012185538,0.2,1.0143331289291382,0.0003,0.5202611494809389,-5.7191173195838925,-0.011696815490722656,1520,0.0777728408575058
2592,154,243,630784,1607.30189309,931.06,0.07333984375,-0.003130044904537499,0.008967746,0.2,1.0119602680206299,0.0003,0.5090838326141238,-5.7184131026268,0.012465715408325195,1530,0.23438511788845062
2589,155,245,634880,1624.6433920199997,938.13,0.09345703125,-0.00578647289366927,0.009449024,0.2,1.0091623067855835,0.0003,0.5238909013569355,-5.706927615404129,0.01089024543762207,1540,0.2471538484096527
2589,156,246,638976,1623.0323794399999,938.16,0.0998046875,-0.00502139252203051,0.008165557,0.2,1.0123957395553589,0.0003,0.52847172729671,-5.705028206110001,-0.014595746994018555,1550,0.2397623360157013
2583,157,248,643072,1643.85608813,946.64,0.0996337890625,-0.0042832991864997895,0.009673031,0.2,1.010780930519104,0.0003,0.5463352052494883,-5.708958095312118,0.11944985389709473,1560,0.24648016691207886
2586,158,250,647168,1665.82353924,956.04,0.1047607421875,-0.004876505245920271,0.0074330345,0.2,1.0069339275360107,0.0003,0.5242949523031711,-5.698471158742905,0.007483243942260742,1570,0.1072341576218605
2584,159,252,651264,1668.16848211,956.04,0.1140625,-0.0059908757684752345,0.008967046,0.2,1.0070968866348267,0.0003,0.513490229472518,-5.689487171173096,-0.0028420686721801758,1580,0.28844520449638367
2583,160,253,655360,1686.0529936999997,963.41,0.1411376953125,-0.005983700310753193,0.011838806,0.2,1.0099188089370728,0.0003,0.5137381916865706,-5.695858752727508,-0.018212199211120605,1590,0.1753629893064499
2581,161,255,659456,1608.2922513199999,925.79,0.11005859375,-0.0051682100223843005,0.009119889,0.2,1.0115225315093994,0.0003,0.49959749449044466,-5.702992534637451,0.03771418333053589,1600,0.20265063643455505
2582,162,256,663552,1610.7605417000004,925.79,0.1214599609375,-0.005645522597478703,0.013190375,0.2,1.0093997716903687,0.0003,0.628612895309925,-5.70058810710907,0.19627821445465088,1610,0.11944413185119629
2583,163,258,667648,1612.8651252599998,925.79,0.1432861328125,-0.0075682475726353005,0.009315424,0.2,1.0069079399108887,0.0003,0.6321651406586171,-5.690587401390076,0.062368154525756836,1620,0.2308729588985443
2580,164,260,671744,1614.2017037600003,925.79,0.1119384765625,-0.005110858706757426,0.009529913,0.2,1.0094504356384277,0.0003,0.3901367034763098,-5.6893858253955845,0.04578119516372681,1630,0.14621654152870178
2580,165,261,675840,1614.4079196700002,925.79,0.13525390625,-0.006894060678314417,0.011839306,0.2,1.0116887092590332,0.0003,0.6169733848422766,-5.700234770774841,0.038105785846710205,1640,0.4028022885322571
2580,166,263,679936,1596.07955835,916.41,0.119677734375,-0.0042254291824065145,0.0113199875,0.2,1.0141786336898804,0.0003,0.4991316331550479,-5.706834149360657,0.011788368225097656,1650,0.05240359902381897
2577,167,265,684032,1577.52266148,906.97,0.09775390625,-0.004687695202301256,0.008381121,0.2,1.0096148252487183,0.0003,0.5473992865532636,-5.703737825155258,0.16263115406036377,1660,0.13181617856025696
2576,168,267,688128,1558.2863912699997,897.54,0.087158203125,-0.005134786677081138,0.007907241,0.2,1.0116490125656128,0.0003,0.5375813364982605,-5.69493864774704,0.082547128200531,1670,0.24517181515693665
2578,169,268,692224,1559.6885905699999,897.54,0.1193603515625,-0.006326960184378549,0.008557912,0.2,1.008382797241211,0.0003,0.5303782928735018,-5.6942546427249905,0.19483137130737305,1680,0.2223701775074005
2580,170,269,696320,1557.60983519,897.54,0.1161376953125,-0.0050147371148341335,0.00901727,0.2,1.0098087787628174,0.0003,0.5129397515207529,-5.688358205556869,0.09742933511734009,1690,0.28973129391670227
2578,171,271,700416,1577.5183672000003,907.01,0.0850830078125,-0.0037573449619230813,0.0071029523,0.2,1.0081608295440674,0.0003,0.5391776183620095,-5.687543153762817,-0.013799071311950684,1700,0.19016394019126892
2576,172,273,704512,1556.45377306,897.6,0.1263916015625,-0.006918127277458552,0.01041317,0.2,1.0105621814727783,0.0003,0.5173804251477122,-5.686358135938645,0.08267569541931152,1710,0.3197697699069977
2575,173,275,708608,1556.3248384700003,896.43,0.0951416015625,-0.003974653544719331,0.009744893,0.2,1.0137792825698853,0.0003,0.5322814758867025,-5.697550135850906,0.19883787631988525,1720,0.05983904004096985
2575,174,276,712704,1555.7969347199996,896.43,0.1400390625,-0.00853303981712088,0.012135506,0.2,1.0180755853652954,0.0003,0.5101949218660593,-5.710040497779846,0.27419960498809814,1730,0.1486576795578003
2573,175,278,716800,1557.0645486499998,896.43,0.1199462890625,-0.0066876057389890775,0.013191646,0.2,1.017411708831787,0.0003,0.5192984413355589,-5.716275787353515,0.039099156856536865,1740,0.15644972026348114
2573,176,280,720896,1554.5493067199998,896.43,0.1080078125,-0.006674493820173666,0.011130653,0.2,1.0171241760253906,0.0003,0.5291319876909256,-5.7113075137138365,0.2075498104095459,1750,0.18969938158988953
2571,177,281,724992,1555.5220920900001,897.49,0.095166015625,-0.0029364648391492663,0.007889805,0.2,1.0199589729309082,0.0003,0.41298026917502284,-5.7171460628509525,0.028217852115631104,1760,0.12950357794761658
2572,178,283,729088,1558.5804394,898.32,0.1021484375,-0.005330942873843014,0.01075618,0.2,1.0245071649551392,0.0003,0.5591896204277873,-5.731279343366623,0.18291819095611572,1770,0.4069928824901581
2575,179,284,733184,1554.8111250100003,898.32,0.1081787109375,-0.005021966353524476,0.007860301,0.2,1.0185937881469727,0.0003,0.501617362909019,-5.730611670017242,0.1939111351966858,1780,0.2127062976360321
2577,180,286,737280,1533.70300757,888.82,0.0848876953125,-0.004557827772805468,0.008706205,0.2,1.0181485414505005,0.0003,0.5260112455114723,-5.71738892197609,-0.02865421772003174,1790,0.05224960297346115
2578,181,287,741376,1514.8782606299999,880.24,0.0928955078125,-0.0058496106881648306,0.008930768,0.2,1.0236237049102783,0.0003,0.5434033477678895,-5.727246546745301,0.21533435583114624,1800,0.36005231738090515
2582,182,288,745472,1514.9357176599997,880.24,0.095166015625,-0.004562703252304345,0.0068323603,0.2,1.0224698781967163,0.0003,0.5266020925715565,-5.73655052781105,0.3512914776802063,1810,0.2554725110530853
2586,183,289,749568,1574.69807734,908.48,0.104052734375,-0.005457502111676149,0.008731298,0.2,1.0200691223144531,0.0003,0.5215886382386088,-5.726630741357804,-0.004743337631225586,1820,0.2688350975513458
2591,184,290,753664,1576.8452271399997,909.92,0.1406982421875,-0.007330752236885019,0.008580274,0.2,1.023639440536499,0.0003,0.5248509429395198,-5.72855966091156,-0.0009185075759887695,1830,0.29047074913978577
2596,185,291,757760,1576.6879203,909.92,0.1227783203125,-0.006463814093149267,0.011467223,0.2,1.0230714082717896,0.0003,0.515836420096457,-5.73872938156128,0.2706329822540283,1840,0.2500940263271332
2598,186,293,761856,1577.4329247,909.92,0.0965087890625,-0.004847521384363063,0.008645453,0.2,1.0246872901916504,0.0003,0.5154748801141977,-5.74164981842041,0.008793652057647705,1850,0.2529599070549011
2597,187,294,765952,1577.8527158900001,909.92,0.097705078125,-0.004829523399530444,0.0096658245,0.2,1.0217231512069702,0.0003,0.5276399569585919,-5.741582560539245,0.024287819862365723,1860,0.1773342788219452
2593,188,296,770048,1598.11670004,919.3,0.148681640625,-0.007380997959990055,0.013762435,0.2,1.0233194828033447,0.0003,0.49606059659272433,-5.7380567491054535,0.05293095111846924,1870,0.18351036310195923
2598,189,297,774144,1581.4651819799997,911.13,0.0761962890625,-0.004913075937656686,0.007906151,0.2,1.0189801454544067,0.0003,0.6346371930092574,-5.733016049861908,0.12950414419174194,1880,0.32964515686035156
2599,190,299,778240,1604.3045359500002,920.57,0.0984619140625,-0.0046543438656954095,0.008425605,0.2,1.010888695716858,0.0003,0.39334336295723915,-5.708209145069122,0.24652522802352905,1890,0.06895524263381958
2601,191,300,782336,1623.7917894400002,930.0,0.1015625,-0.0032331835420336573,0.007833513,0.2,1.0130763053894043,0.0003,0.4940757595002651,-5.689910262823105,0.10700041055679321,1900,0.13389399647712708
2602,192,302,786432,1625.9391226,930.0,0.1396240234375,-0.008477662928635254,0.012639977,0.2,1.016884684562683,0.0003,0.4930546576157212,-5.7018341481685635,0.1966267228126526,1910,0.24298226833343506
2604,193,303,790528,1626.97486492,930.0,0.1173828125,-0.004764525088830851,0.010432133,0.2,1.0225598812103271,0.0003,0.5694860197603703,-5.719187295436859,0.04131007194519043,1920,0.1759546399116516
2605,194,304,794624,1610.4721039300002,921.55,0.10263671875,-0.004501635540509597,0.009874597,0.2,1.0239503383636475,0.0003,0.5204366885125637,-5.734543401002884,0.00828707218170166,1930,0.20506806671619415
2606,195,306,798720,1610.0855175799998,921.55,0.1506591796875,-0.007770644387346692,0.014169271,0.2,1.0207910537719727,0.0003,0.542532972805202,-5.728626120090484,0.3071984648704529,1940,0.18852129578590393
2610,196,307,802816,1612.4122122500003,921.47,0.0806396484375,-0.004035009944345802,0.01029307,0.2,1.0208534002304077,0.0003,0.39074600478634236,-5.720853358507156,-0.042227983474731445,1950,0.24907806515693665
2611,197,308,806912,1612.2441748099998,921.47,0.1352783203125,-0.005060106751625426,0.01214085,0.2,1.02131986618042,0.0003,0.6725407410413027,-5.720188367366791,0.13405841588974,1960,0.24291525781154633
2611,198,310,811008,1609.1536970900002,921.47,0.100244140625,-0.005450966788339428,0.007731285,0.2,1.0201880931854248,0.0003,0.3860284241847694,-5.720296543836594,0.15130114555358887,1970,0.29256221652030945
2611,199,312,815104,1609.1039832000001,921.47,0.083837890625,-0.003183055078261532,0.0110184,0.2,1.0241820812225342,0.0003,0.684472455829382,-5.725401651859284,0.04635739326477051,1980,0.3655627965927124
2610,200,313,819200,1624.5950487,929.85,0.1075439453125,-0.003718115884112194,0.008340377,0.2,1.024094820022583,0.0003,0.3967952256090939,-5.733261382579803,0.08741587400436401,1990,0.12242431938648224
2611,201,315,823296,1642.1883386799998,938.5,0.09521484375,-0.004469189452356659,0.0071972306,0.2,1.0247905254364014,0.0003,0.6447265759110451,-5.73201152086258,0.013242065906524658,2000,0.18408562242984772
2609,202,317,827392,1644.4257372399998,938.5,0.098583984375,-0.002276642946526408,0.008669014,0.2,1.0304083824157715,0.0003,0.39963010139763355,-5.740939784049988,-0.047077178955078125,2010,0.10359791666269302
2609,203,318,831488,1665.80327474,948.0,0.117138671875,-0.00553894076438155,0.008479707,0.2,1.0403895378112793,0.0003,0.6556040268391371,-5.771488165855407,-0.007355690002441406,2020,0.2602914571762085
2606,204,320,835584,1665.46847825,948.0,0.11787109375,-0.005542760589742101,0.010061042,0.2,1.0453107357025146,0.0003,0.39390958324074743,-5.8011463522911075,0.08717513084411621,2030,0.12202271819114685
2608,205,321,839680,1664.8614840900002,948.36,0.1246337890625,-0.004991366766626015,0.010059945,0.2,1.0440806150436401,0.0003,0.6342990225180983,-5.807855731248855,0.04355323314666748,2040,0.2126251757144928
2609,206,323,843776,1663.9889116000004,948.36,0.0950927734375,-0.004370726147317328,0.009517261,0.2,1.047145962715149,0.0003,0.4101992529816926,-5.8085197627544405,0.23757034540176392,2050,0.22091269493103027
2612,207,324,847872,1661.4230278100001,948.36,0.08583984375,-0.004782033164519817,0.0067163566,0.2,1.0495171546936035,0.0003,0.5644911151379347,-5.821836251020431,0.04867976903915405,2060,0.2399018406867981
2612,208,326,851968,1660.8170955100002,947.45,0.1195556640625,-0.00513422402436845,0.010397129,0.2,1.049400806427002,0.0003,0.5029842007905245,-5.823613393306732,0.04177415370941162,2070,0.3564664423465729
2611,209,327,856064,1660.14320939,947.45,0.122802734375,-0.006334179485565983,0.009646303,0.2,1.0517940521240234,0.0003,0.527110980823636,-5.8270194172859195,0.14609289169311523,2080,0.251517653465271
2611,210,329,860160,1658.3518716499998,947.45,0.0969482421875,-0.0031424781744135545,0.0070991884,0.2,1.047466516494751,0.0003,0.503564745374024,-5.824489921331406,0.07771128416061401,2090,0.30526700615882874
2608,211,331,864256,1657.6158273299995,947.45,0.1324951171875,-0.005075510189635679,0.008345023,0.2,1.0419412851333618,0.0003,0.49026569686830046,-5.804630863666534,0.02115565538406372,2100,0.06985403597354889
2610,212,332,868352,1675.5052948100001,955.62,0.1036376953125,-0.005562812232528813,0.008866787,0.2,1.039808750152588,0.0003,0.6309096071869135,-5.788354688882828,-0.018209099769592285,2110,0.19993729889392853
2609,213,334,872448,1675.3934568599998,955.62,0.1137939453125,-0.00517763491225196,0.009350188,0.2,1.0343867540359497,0.0003,0.3854677213355899,-5.773002701997757,0.016224443912506104,2120,0.0467248409986496
2609,214,335,876544,1674.22364447,955.62,0.07666015625,-0.004374766847467982,0.0077785547,0.2,1.0317935943603516,0.0003,0.6432353492826224,-5.756317287683487,0.045661985874176025,2130,0.19659624993801117
2610,215,337,880640,1675.5491609000005,955.62,0.13076171875,-0.00592572360765189,0.014963214,0.2,1.0320109128952026,0.0003,0.3817365696653724,-5.749279475212097,-0.020751953125,2140,0.35667139291763306
2610,216,338,884736,1676.1470766200002,955.62,0.0819580078125,-0.0031515967624727637,0.007957626,0.2,1.0356831550598145,0.0003,0.6173144795000554,-5.757131898403168,-0.008646011352539062,2150,0.17887400090694427
2613,217,340,888832,1695.03937915,963.96,0.1459716796875,-0.007664306036895141,0.010896109,0.2,1.0430083274841309,0.0003,0.39159493809565904,-5.7815232336521145,0.003043949604034424,2160,0.10525761544704437
2618,218,340,892928,1639.6042986799998,940.15,0.1208984375,-0.006002962330239825,0.007962015,0.2,1.0479611158370972,0.0003,0.604474831558764,-5.803835141658783,-0.008741617202758789,2170,0.3425477147102356
2623,219,341,897024,1638.3816255800002,940.38,0.13232421875,-0.006407711940119043,0.009787865,0.2,1.0498677492141724,0.0003,0.550078920274973,-5.81546921133995,0.4883350729942322,2180,0.20937049388885498
2628,220,342,901120,1639.7442436000001,940.38,0.1146728515625,-0.00877802698960295,0.010172773,0.2,1.048922061920166,0.0003,0.558091333322227,-5.817562991380692,0.31039732694625854,2190,0.06471158564090729
2624,221,344,905216,1624.1861776099997,930.9,0.106494140625,-0.005664128085481934,0.008580277,0.2,1.0509554147720337,0.0003,0.6332143699750304,-5.820061761140823,-0.009725689888000488,2200,0.20061051845550537
2624,222,346,909312,1607.08838877,921.45,0.1383544921875,-0.0067996808284078725,0.010452536,0.2,1.049375057220459,0.0003,0.41076746974140405,-5.822809797525406,0.14848649501800537,2210,0.06244117021560669
2627,223,347,913408,1571.71473441,904.37,0.0961669921875,-0.005118412160663865,0.0079727955,0.2,1.0496307611465454,0.0003,0.6669125158339739,-5.8178446054458615,0.19364672899246216,2220,0.22145158052444458
2629,224,348,917504,1572.1761915800002,904.37,0.11123046875,-0.0057548442797269676,0.010504307,0.2,1.0466558933258057,0.0003,0.39290193747729063,-5.811676853895188,0.4179912805557251,2230,0.1656542420387268
2627,225,350,921600,1534.6641854599998,885.49,0.1239501953125,-0.005088618228910491,0.010894102,0.2,1.0453870296478271,0.0003,0.3886320366989821,-5.800279748439789,0.022406578063964844,2240,0.42471370100975037
2627,226,352,925696,1534.21600943,885.49,0.102587890625,-0.00613435119157657,0.008681967,0.2,1.046550989151001,0.0003,0.6738712199032306,-5.800887185335159,0.23590457439422607,2250,0.25305312871932983
2625,227,354,929792,1554.3047708500003,893.71,0.0906005859375,-0.003100348816951737,0.006109859,0.2,1.0448864698410034,0.0003,0.40303394608199594,-5.7996847331523895,0.09384387731552124,2260,0.1526646465063095
2622,228,356,933888,1553.6159757700004,893.71,0.1355712890625,-0.006700378807727248,0.013005395,0.2,1.0387482643127441,0.0003,0.6390567366033792,-5.788697522878647,0.0786665678024292,2270,0.14187192916870117
2621,229,357,937984,1536.31230296,884.33,0.1239013671875,-0.005816883852821775,0.009543153,0.2,1.0407623052597046,0.0003,0.39602857679128645,-5.778409862518311,0.04865294694900513,2280,0.14395545423030853
2620,230,359,942080,1535.6224231499998,883.99,0.14716796875,-0.00828568281722255,0.010877153,0.2,1.0366065502166748,0.0003,0.667204923182726,-5.7765886127948765,0.17611163854599,2290,0.3273434638977051
2618,231,361,946176,1516.2274796199997,874.47,0.0826904296875,-0.005120961510692723,0.0053435923,0.2,1.0351924896240234,0.0003,0.4115996018052101,-5.764969891309738,0.1606816053390503,2300,0.23724329471588135
2616,232,363,950272,1517.7151644499995,874.47,0.1044189453125,-0.004323777614627033,0.007617923,0.2,1.0387213230133057,0.0003,0.6685050394386053,-5.767767900228501,0.21430110931396484,2310,0.30096620321273804
2615,233,364,954368,1477.5775243800003,855.61,0.152490234375,-0.00781406062305905,0.011074275,0.2,1.0382939577102661,0.0003,0.3906993422657251,-5.776304078102112,0.09710484743118286,2320,0.13621343672275543
2614,234,366,958464,1475.9183022099999,855.61,0.1512451171875,-0.004639340701396577,0.012676164,0.2,1.0422621965408325,0.0003,0.5981306614354253,-5.778277915716171,0.25061464309692383,2330,0.1500793695449829
2613,235,368,962560,1455.7298801499999,846.16,0.1277099609375,-0.0050636386731639504,0.011068106,0.2,1.0372273921966553,0.0003,0.5127415418624878,-5.7791490972042086,-0.021567583084106445,2340,0.16777732968330383
2613,236,369,966656,1455.1813038300002,846.16,0.1220947265625,-0.007314945143298246,0.009520635,0.2,1.036668062210083,0.0003,0.5352356528863311,-5.768976426124572,0.2502477169036865,2350,0.3959919512271881
2611,237,371,970752,1455.43113129,846.16,0.102783203125,-0.004857380790053867,0.0100125335,0.2,1.0405399799346924,0.0003,0.5076873380690813,-5.773929208517075,-0.0025762319564819336,2360,0.2597898840904236
2610,238,373,974848,1455.552003,846.16,0.1022705078125,-0.005311164414160885,0.0075249807,0.2,1.0425164699554443,0.0003,0.5075784559361637,-5.786294168233871,0.05436873435974121,2370,0.1463034600019455
2609,239,375,978944,1490.78345061,862.65,0.0840087890625,-0.00516330223181285,0.008645332,0.2,1.0495164394378662,0.0003,0.6288565900176764,-5.800929069519043,0.016290664672851562,2380,0.25907382369041443
2609,240,376,983040,1489.5618730899996,862.65,0.1194580078125,-0.005585150845581666,0.011588814,0.2,1.042320728302002,0.0003,0.45201985314488413,-5.800207126140594,0.2084309458732605,2390,0.2776721119880676
2609,241,378,987136,1510.1094642300002,871.87,0.069140625,-0.0043528964655706655,0.0063007227,0.2,1.0352047681808472,0.0003,0.6370580270886421,-5.76802219748497,0.045768678188323975,2400,0.2607317864894867
2608,242,379,991232,1510.70402345,871.94,0.138916015625,-0.005439972155727446,0.01092761,0.2,1.0382580757141113,0.0003,0.3953657133504748,-5.758974879980087,0.029050767421722412,2410,0.10152967274188995
2607,243,381,995328,1492.1713621299998,863.2,0.1213134765625,-0.005483318903134205,0.011639624,0.2,1.0353062152862549,0.0003,0.6557771576568484,-5.760196298360825,0.08421897888183594,2420,0.29537391662597656
2606,244,383,999424,1508.99308626,872.03,0.134326171875,-0.0053488793928408995,0.009322824,0.2,1.0341105461120605,0.0003,0.38932169806212186,-5.750613909959793,0.1609102487564087,2430,0.12261293828487396
2606,245,385,1003520,1526.7813373899999,880.43,0.134130859375,-0.006597049333504401,0.0117174,0.2,1.0370866060256958,0.0003,0.5395421095192432,-5.752664816379547,0.22576391696929932,2440,0.2245916724205017
