#{"t_start": 1786498832.323761, "env_id": "None"}
r,l,t
-173.611142,31,0.204875
-175.680505,85,0.391843
-149.618016,48,0.486979
-177.933786,50,0.566986
-147.198097,56,0.672612
-207.773132,83,0.804908
-179.366007,57,0.911732
-130.316913,42,0.972063
-179.277229,68,1.088448
-130.857108,41,1.185319
-147.831887,62,1.354743
-150.890505,82,1.609277
-171.958859,31,1.687077
-145.984904,50,1.790512
-188.824824,73,1.937174
-143.989715,31,1.993112
-180.459952,58,2.117245
-133.52097,31,2.184206
-152.996144,31,2.247427
-152.818399,31,2.319526
-203.949582,107,2.541616
-252.465115,139,2.820298
-135.238899,43,2.911242
-124.530666,37,2.983968
-145.139159,34,3.045502
-150.605029,27,3.101613
-154.314348,31,3.171639
-137.580542,34,3.238801
-178.492455,110,3.487188
-142.421725,34,3.561045
-174.979087,54,3.675568
-144.140285,44,3.767665
-169.787366,56,3.857284
-158.609127,64,3.980726
-140.758774,31,4.032058
-152.679033,42,4.100123
-135.876784,38,4.197064
-156.12835,41,4.34802
-172.513223,69,7.155724
-125.316992,36,7.222058
-129.467123,31,7.280972
-193.517236,71,7.387384
-157.874695,69,7.479779
-134.815719,32,7.522748
-211.808192,101,7.652401
-172.152699,72,7.744115
-174.82583,38,7.798352
-148.905867,33,7.861068
-339.481255,131,8.156985
-165.198719,64,8.279168
-128.759515,40,8.333055
-145.967577,31,8.376996
-191.589555,74,8.465861
-442.189594,195,8.698426
-187.517157,85,8.797802
-213.783977,97,8.906043
-456.673484,146,9.074391
-182.27583,31,9.110424
-176.064024,94,9.213776
-158.84351,29,9.249749
-163.128835,52,9.308922
-141.107003,48,9.362366
-181.404462,31,9.39739
-167.118054,33,9.433799
-163.064053,31,9.473652
-186.909822,49,9.541143
-151.015239,51,9.621092
-174.344829,31,9.661812
-180.496443,31,9.703907
-127.891312,33,9.747708
-147.337506,31,9.792184
-152.135818,81,9.892098
-176.825422,74,11.779925
-199.424187,110,11.938596
-171.653573,31,11.984785
-172.364007,57,12.059154
-229.017229,95,12.197451
-159.553529,37,12.247909
-128.45249,31,12.295102
-165.058844,105,12.429225
-148.060942,31,12.465271
-227.545281,107,12.600101
-173.590358,31,12.637264
-172.434387,32,12.675313
-233.194347,186,12.897006
-119.655749,26,12.928112
-162.225116,32,12.963639
-205.860131,104,13.095233
-145.5952,34,13.132287
-189.154062,82,13.220545
-159.995667,73,13.30728
-247.454064,111,13.430018
-182.227664,31,13.471884
-132.776199,36,13.508267
-732.193586,123,13.646205
-194.231592,87,13.749684
-182.799513,104,13.873942
-226.59522,85,13.975892
-150.960453,33,14.014569
-194.069371,87,14.109392
-185.943147,55,14.176885
-207.428847,67,17.337016
-132.158037,31,17.395065
-152.876424,52,17.485096
-251.945927,132,17.660556
-671.935677,133,17.838131
-170.166038,76,17.959745
-142.275149,60,18.035178
-135.656852,37,18.093777
-354.165991,145,18.386103
-182.008103,88,18.553909
-168.049613,103,18.72648
-172.846279,83,18.848999
-152.025512,39,18.914787
-165.791205,45,18.989214
-272.516941,216,19.362248
-158.836223,78,19.490149
-185.8273,81,19.668281
-612.569756,185,20.09481
-618.738552,234,20.579885
-165.785674,72,20.733756
-783.151226,187,23.368507
-184.926356,101,23.521688
-188.648067,101,23.676049
-882.575009,142,23.865513
-179.067986,83,23.965622
-336.743478,121,24.106148
-689.67307,120,24.248039
-906.297312,227,24.495209
-711.161116,153,24.747647
-153.128577,31,24.809835
-256.206439,85,24.984843
-956.063166,214,25.379624
-780.051134,169,25.646846
-872.908658,199,25.962594
-916.149066,224,26.505702
-143.070863,38,30.55105
-195.243629,94,30.738256
-790.139299,151,31.001405
-182.911264,82,31.136519
-193.267904,82,31.279925
-351.481597,189,31.58509
-179.008343,96,31.77152
-896.822507,147,32.064057
-840.72742,194,32.408816
-704.546245,393,33.176605
-211.979932,109,33.408456
-184.530862,79,33.560157
-163.350636,58,33.670123
-270.72811,111,33.85818
-537.432202,160,34.134289
-155.182961,89,36.719006
-161.535617,81,36.889544
-181.545602,66,37.023017
-151.044619,37,37.076793
-206.875142,104,37.222445
-743.188845,165,37.446098
-880.988308,167,37.674111
-177.934548,86,37.788988
-208.973882,127,37.962325
-173.023867,49,38.035902
-226.589095,165,38.279541
-138.678776,39,38.340122
-219.607599,133,38.557868
-132.820811,31,38.596768
-137.754801,31,38.639871
-156.584736,58,38.733038
-477.296599,135,38.915174
-162.614735,72,39.019806
-138.592387,34,39.068934
-241.208039,106,39.215225
-208.486082,99,39.339045
-155.519094,69,39.423732
-175.787592,80,39.527745
-145.485655,65,39.608216
-465.000204,181,41.717842
-171.220401,78,41.813693
-240.987379,109,41.9388
-142.798771,34,41.974665
-196.671364,106,42.090614
-223.051452,99,42.19568
-147.656339,64,42.263028
-144.899251,31,42.3076
-172.442553,83,42.478835
-388.609019,280,43.13502
-331.774716,221,43.694021
-538.832649,136,44.023629
-142.572491,55,44.134564
-435.712807,119,44.418014
-287.384371,208,45.061291
-489.818552,193,45.516402
-149.438165,71,45.611723
-241.945496,123,47.807651
-203.012452,113,48.026525
-496.105421,263,48.614398
-198.649515,103,48.820245
-247.424232,192,49.283952
-206.233165,121,49.480417
-160.299762,83,49.625685
-579.590751,145,49.88783
-237.407325,161,50.195349
-210.701634,96,50.37939
-752.755833,152,50.742353
-217.561562,115,50.970302
-330.893591,154,51.195766
-392.207352,128,51.389647
-482.453979,164,54.295137
-185.256503,91,54.442274
-442.630922,157,54.663903
-365.411283,153,54.856323
-217.602894,110,54.999795
-183.110315,71,55.093943
-328.345871,162,55.295033
-160.189274,67,55.371298
-163.667432,63,55.459692
-159.507941,53,55.522669
-301.779083,107,55.648645
-206.552739,112,55.846044
-187.676248,90,55.967931
-143.011376,39,56.021318
-147.499281,53,56.107607
-456.229943,138,56.322281
-146.062731,56,56.460899
-154.9612,56,56.627703
-255.046441,169,57.001045
-308.562839,147,57.272075
-143.109601,45,57.349491
-217.791006,99,60.027938
-124.231954,33,60.09075
-560.621732,141,60.299143
-141.82755,38,60.361842
-567.160176,192,60.651655
-137.449753,52,60.7173
-209.320062,90,60.810004
-151.8584,59,60.867298
-187.045139,80,60.946687
-233.739914,103,61.049055
-411.013306,173,61.230953
-216.35618,121,61.362835
-146.24512,49,61.423695
-178.623105,70,61.510815
-151.585242,61,61.587961
-257.763457,179,61.801484
-185.153125,78,61.914037
-435.894758,128,62.08038
-199.516021,123,62.247863
-532.364958,147,62.461278
-279.720682,173,64.500148
-175.593424,31,64.596798
-186.099217,87,64.831414
-175.566788,70,65.08409
-351.443689,155,65.471296
-180.553848,83,65.663921
-152.975197,57,65.774145
-138.502198,23,65.828866
-155.797473,73,65.985313
-166.728492,50,66.12039
-267.614379,108,66.346714
-150.49693,36,66.44104
-180.159242,90,66.606141
-834.455513,200,66.903002
-141.649187,56,66.976803
-151.008353,68,67.053085
-133.060186,34,67.092421
-153.712267,56,67.159445
-158.211942,53,67.216578
-225.713079,130,67.364536
-446.727338,131,67.522153
-130.542402,37,67.569265
-123.668628,39,67.613825
-168.138182,96,67.722453
-424.562109,204,67.985361
-154.171869,68,70.379628
-166.524585,71,70.510385
-164.663659,53,70.613686
-153.605278,67,70.737413
-158.28436,34,70.805095
-171.115234,87,70.988657
-177.846677,84,71.159065
-150.377353,31,71.221225
-162.335959,31,71.288038
-167.867047,78,71.402129
-212.06124,90,71.555129
-184.011281,72,71.653915
-132.547588,45,71.731161
-169.640107,49,71.798954
-387.198964,169,72.039976
-143.407496,31,72.086965
-177.326294,80,72.201519
-171.918947,70,72.286194
-278.074957,111,72.417647
-152.333534,56,72.493975
-127.527237,22,72.522411
-157.074096,48,72.581799
-204.321591,112,72.731573
-212.467647,86,72.850721
-205.701618,74,72.961615
-131.380519,36,73.008975
-176.994427,71,73.106719
-125.45631,31,73.147154
-166.559083,37,73.188402
-166.460878,74,73.266501
-151.537816,26,73.294041
-179.164188,97,75.375682
-141.701808,41,75.448265
-198.598388,110,75.716068
-184.026139,80,75.936318
-153.632816,37,76.001998
-176.461957,67,76.143782
-155.676992,31,76.23566
-154.743471,81,76.458442
-162.157883,31,76.558635
-315.913224,185,77.345256
-257.236459,98,77.636888
-224.165054,85,77.737776
-183.819627,85,77.849914
-140.140834,55,77.911728
-130.401079,49,77.985195
-118.06675,17,78.019895
-129.865505,29,78.066681
-133.20249,44,78.131119
-149.408797,40,78.190927
-139.748742,31,78.250031
-135.196834,40,78.321662
-162.937852,33,78.375614
-130.690619,39,78.43206
-167.463791,31,78.496058
-133.845153,31,78.550612
-176.09395,70,78.670887
-146.596479,31,78.715612
-131.783372,31,78.759025
-149.072403,45,78.822926
-336.221129,100,78.982061
-197.507685,87,79.130964
-155.222304,42,79.219339
-127.525085,31,79.299762
-196.378208,61,79.467927
-153.426846,31,79.534356
-210.325803,115,82.050772
-200.662881,119,82.276856
-134.856343,42,82.382314
-144.099598,35,82.438859
-155.441558,54,82.514929
-176.801498,92,82.712041
-186.837772,101,82.900012
-153.226924,51,82.968442
-141.230215,34,83.02418
-179.426116,31,83.073873
-156.763474,45,83.140688
-121.806513,23,83.180673
-160.457077,79,83.30181
-155.520001,50,83.377608
-159.880781,67,83.45611
-132.351626,42,83.506968
-248.988467,178,83.715924
-140.95494,60,83.785041
-201.21906,98,83.90077
-155.94874,66,83.97819
-132.412764,31,84.012255
-140.378814,34,84.052377
-153.101747,57,84.118345
-148.911106,65,84.214007
-137.398902,32,84.259462
-175.46247,42,84.312182
-161.500643,68,84.396007
-148.690469,41,84.442317
-136.367742,37,84.487529
-157.203413,61,84.565025
-185.277506,78,84.674019
-141.978217,31,84.719297
-150.879967,34,84.77041
-189.622539,101,84.908913
-130.674165,48,84.974923
-155.167974,52,86.804583
-152.818788,28,86.850646
-208.605303,110,87.020693
-188.60673,89,87.160081
-133.991811,45,87.21938
-130.401959,50,87.281773
-129.324343,35,87.326921
-161.331697,46,87.3881
-199.768115,88,87.506843
-139.677644,31,87.55486
-157.180403,28,87.598186
-137.859125,31,87.678056
-139.54839,44,87.860416
-133.492611,41,88.063011
-165.843164,63,88.355569
-141.113606,55,88.63165
-151.631603,23,88.719374
-144.150748,42,88.858115
-140.609162,31,88.959893
-118.297787,20,89.034657
-127.476143,26,89.125554
-143.290523,27,89.206604
-160.615302,53,89.390207
-153.43527,34,89.524167
-131.798134,38,89.681263
-139.566667,25,89.767022
-120.126851,23,89.836063
-181.425501,75,90.247076
-128.719149,48,90.418457
-129.608146,31,90.515053
-144.585678,41,90.71261
-140.17797,60,90.873719
-140.385824,21,90.929124
-143.165185,68,91.075464
-150.390545,49,91.190484
-122.841933,30,91.260007
-253.288986,89,91.514989
-127.086921,30,91.57408
-133.675575,44,91.665963
-122.839457,35,91.774319
-168.589063,31,91.862049
-123.974359,33,91.935743
-169.730008,83,92.215832
-139.870229,60,92.358756
-137.472163,30,92.419012
-154.806527,91,95.12249
-144.187436,48,95.221748
-166.052461,53,95.301999
-136.274197,43,95.361343
-129.701068,41,95.418603
-143.150554,52,95.496157
-146.632377,57,95.579965
-133.727981,23,95.61402
-169.242861,85,95.742236
-141.422816,49,95.814862
-178.286536,80,95.933944
-269.04025,120,96.115249
-149.47026,45,96.178961
-124.762155,24,96.214927
-156.446234,57,96.29991
-172.418217,42,96.355643
-136.137158,32,96.405635
-163.041569,69,96.507885
-151.518144,63,96.605058
-143.612617,72,96.709297
-179.164476,44,96.778141
-155.791149,63,96.873149
-188.623212,81,96.988841
-157.250586,40,97.046676
-186.967051,63,97.136718
-154.691763,33,97.184397
-180.892571,71,97.336449
-144.332119,55,97.479107
-154.217632,31,97.562275
-148.519209,57,97.702428
-141.636455,34,97.784088
-154.001157,39,97.860792
-142.109353,57,97.999854
-173.325305,73,98.152341
-211.128188,115,98.356225
-140.022694,42,98.419629
-197.409855,103,101.35888
-131.587211,20,101.401035
-393.677955,125,101.635275
-182.198292,88,101.81378
-179.362564,106,101.932782
-136.425525,41,101.987823
-167.12939,58,102.056534
-235.855665,132,102.204772
-170.484314,45,102.254895
-196.184602,89,102.349172
-177.182938,95,102.456049
-147.064287,44,102.508009
-392.505772,183,102.711673
-140.543717,42,102.757757
-154.198355,74,102.838277
-218.989959,153,103.03049
-126.378779,23,103.056042
-163.638866,60,103.135808
-281.529235,102,103.264219
-258.01435,85,103.375482
-131.869932,43,103.426275
-141.765745,33,103.468226
-130.654305,35,103.509907
-156.696368,72,103.606891
-141.703658,44,103.663066
-175.999953,55,103.731566
-216.678996,100,103.858755
-206.963458,77,105.887699
-324.100019,123,106.081067
-177.5591,50,106.153784
-162.022079,95,106.282726
-125.103418,32,106.320343
-179.31767,61,106.39019
-153.489044,47,106.449132
-221.853936,135,106.649729
-173.565665,104,106.866302
-129.161147,40,106.990435
-125.44496,36,107.159315
-125.745703,39,107.293821
-161.505842,62,107.516016
-136.897139,56,107.705573
-225.356362,136,108.35598
-147.299341,31,108.498151
-606.240674,145,109.130547
-185.618776,75,109.420885
-150.207423,47,109.629828
-228.063368,102,109.980064
-143.978788,46,110.069575
-127.848107,28,110.117067
-145.521943,58,110.236861
-135.836573,31,110.282723
-159.088792,30,110.325387
-178.14101,83,110.432218
-166.931576,34,110.474848
-229.715556,155,110.72024
-163.022989,82,110.839451
-160.904216,75,112.852742
-180.054156,78,112.995666
-130.584579,34,113.038888
-246.526605,140,113.21496
-244.101542,85,113.333095
-177.214262,71,113.422564
-160.200087,55,113.497494
-136.7476,57,113.567996
-330.33848,127,113.732107
-303.294222,106,113.865005
-322.869859,126,114.026931
-222.71812,113,114.167011
-152.726541,43,114.217368
-230.611088,104,114.344999
-177.674782,74,114.456525
-178.893766,78,114.56799
-133.072025,41,114.62486
-219.000809,110,114.767868
-144.530332,66,114.881973
-168.234013,65,115.029856
-221.211837,108,115.341531
-484.832073,204,116.276125
-170.832654,100,116.703104
-134.083911,31,119.560272
-144.604019,48,119.646708
-266.293975,92,119.796501
-135.466853,38,119.865359
-133.715919,34,119.912667
-165.427,85,120.031647
-174.06625,80,120.131743
-137.415785,43,120.186492
-182.715524,63,120.277724
-363.258955,169,120.522779
-141.260198,51,120.615242
-164.430819,28,120.662913
-337.49133,153,120.894034
-334.980986,149,121.086694
-167.180041,62,121.168354
-205.115353,103,121.317222
-201.048507,124,121.492288
-172.818708,76,121.599072
-154.802594,43,121.659616
-161.677963,57,121.738311
-263.498505,114,121.888708
-217.906854,154,122.074729
-140.450808,57,122.150173
-190.025235,83,122.275864
-128.741719,44,122.352322
-203.790118,142,125.910002
-153.760434,60,126.017294
-138.065801,59,126.123044
-186.686224,89,126.266876
-185.950288,78,126.405593
-169.793608,66,126.506044
-122.900792,35,126.552233
-157.954689,81,126.66614
-138.545067,44,126.715705
-185.0521,123,126.877971
-158.358515,87,127.101072
-220.82728,123,127.428344
-179.016053,102,127.682154
-177.165101,85,127.922737
-187.491105,136,128.182382
-180.441182,113,128.497911
-126.190428,34,128.598515
-151.029301,45,128.726974
-327.553222,150,129.016085
-150.30252,58,129.103773
-199.38419,114,129.312048
-305.888208,196,129.697926
-178.64264,109,129.901567
-301.960037,162,132.292876
-174.618019,79,132.478835
-156.242551,65,132.648921
-165.41347,76,132.838645
-225.889494,120,133.147101
-252.456693,191,133.615124
-241.96092,147,133.890636
-207.554691,96,134.050294
-166.938604,71,134.163755
-143.903616,48,134.260208
-173.272993,76,134.482015
-162.710857,88,134.724022
-180.219973,77,134.891124
-157.997707,77,135.057498
-154.480603,81,135.191715
-148.790443,85,135.379268
-151.530804,66,135.507999
-178.261885,81,135.662598
-170.192934,70,135.803669
-166.999196,75,135.924226
-155.79734,65,136.060258
-181.220629,109,136.26535
-249.140757,162,138.817959
-254.795129,164,139.10638
-236.965186,126,139.315302
-206.580118,89,139.452883
-204.004453,99,139.61466
-205.036274,146,139.864805
-176.753255,84,140.012118
-350.513236,147,140.260067
-275.423156,148,140.493575
-155.981701,54,140.571023
-297.533427,125,140.771804
-235.637142,109,140.948921
-201.302944,100,141.129656
-195.6809,100,141.300603
-176.146612,63,141.424077
-182.748367,75,141.56025
-328.779386,168,141.848757
-253.389183,151,144.5099
-190.788919,68,144.655121
-171.864057,80,144.80785
-356.308366,157,145.112731
-241.766147,162,145.39794
-177.792671,79,145.517685
-137.519607,31,145.56267
-308.146671,184,145.838683
-136.236514,61,145.928813
-193.342443,119,146.10989
-198.834221,115,146.280054
-211.296143,117,146.44921
-218.575351,91,146.63236
-137.6632,60,146.756916
-193.063252,114,146.971506
-325.737182,205,147.360854
-166.338926,111,147.62132
-246.319094,180,148.044916
-198.422996,92,148.281869
-212.918053,132,151.022701
-156.331152,45,151.100381
-194.73624,111,151.314048
-199.470056,161,151.679216
-166.05921,44,151.751845
-144.283409,59,151.870266
-163.763151,100,152.069303
-393.251259,276,152.682016
-209.452247,122,152.967756
-296.556277,186,153.476047
-135.061276,51,153.56871
-180.47117,84,153.782859
-270.180795,230,154.162239
-131.691233,48,154.232156
-216.088873,111,154.388937
-148.023373,62,154.474724
-179.948623,94,154.590547
-153.248758,73,154.680029
-288.879988,139,156.583836
-195.097041,109,156.749867
-236.136651,129,156.925264
-213.199861,161,157.18579
-253.832662,201,157.442397
-274.602213,186,157.650186
-172.139045,82,157.737397
-241.338214,114,157.927041
-189.899047,93,158.090251
-179.264025,68,158.626783
-206.690857,86,159.041963
-305.072277,185,159.888989
-183.752805,92,160.277819
-245.052999,122,160.989821
-265.888097,223,162.29805
-160.598122,60,162.65289
-272.643691,168,169.579899
-556.869078,417,171.422375
-409.803583,218,172.493771
-180.752735,84,172.942302
-157.545015,69,173.220598
-194.866076,139,173.789061
-453.192155,387,175.400855
-301.263933,180,176.101396
-433.198589,361,177.578646
-240.636641,153,184.369115
-365.484809,364,186.067077
-427.257646,390,188.260883
-261.197885,184,189.2077
-258.613779,183,190.176424
-242.402273,224,191.35256
-365.935122,358,193.247056
-394.879605,398,201.152479
-454.94526,489,203.661476
-317.963961,238,204.940313
-317.033719,339,206.653145
-604.490294,503,209.257844
-230.057462,150,210.120264
-469.971062,461,218.701855
-427.22224,1000,222.654623
-461.931537,546,225.797155
-512.751265,1000,237.296637
-510.37389,592,240.674344
-423.277887,451,242.712183
-334.462162,1000,253.437287
-379.30704,1000,258.768339
-383.04641,1000,270.324307
-299.591287,1000,276.10724
-403.312678,1000,287.767978
-375.587792,1000,290.245985
-423.090333,1000,296.867325
-416.43278,1000,301.752046
-352.167687,1000,313.062643
-363.72586,1000,317.929558
-359.020499,1000,329.140042
-340.873661,1000,334.07464
-403.257603,1000,345.214244
-295.009492,1000,349.640137
-356.55815,1000,360.576461
-359.783416,1000,366.454122
-471.093919,1000,376.351435
-288.811426,1000,380.201844
-393.873137,1000,390.488587
-445.379114,1000,395.605792
-465.062257,1000,406.895551
-111.933286,1000,412.472047
-442.988233,1000,422.173759
-421.168529,552,425.226864
-310.8411,350,427.070099
-376.7636,1000,438.701159
-269.461691,289,440.398215
-336.462667,1000,445.140566
-217.308911,1000,457.054531
-311.077087,1000,462.401491
-331.427188,1000,472.765842
-472.702872,828,476.081596
-326.014699,1000,487.543275
-285.299953,1000,491.776684
-137.490969,1000,496.978778
-344.375264,1000,507.82616
-276.242475,1000,511.493276
-217.807501,1000,522.49985
-210.074158,1000,528.156389
-122.111821,1000,539.44695
-205.282782,1000,544.624825
-30.269576,1000,550.779716
-444.946344,1000,552.579909
-255.692537,1000,556.57712
-74.185945,1000,558.240997
-242.125939,1000,562.548864
-316.151967,1000,564.44961
-35.326677,1000,568.30983
-250.106701,1000,569.566024
-17.800211,1000,573.164546
-167.358839,1000,574.367221
-233.755679,1000,577.972833
-182.652393,1000,579.433999
-60.335266,1000,583.121167
-103.402626,1000,584.843742
-130.673732,1000,588.971053
6.061511,1000,590.417951
41.398673,1000,594.177761
44.342205,1000,595.619916
-58.896454,1000,599.576048
-21.53112,1000,601.03332
-22.655499,1000,605.059206
29.954887,1000,606.492008
-4.683002,1000,610.71726
-333.820485,802,611.858519
26.586726,1000,615.326666
-92.356292,1000,616.813086
71.631474,1000,619.692839
-332.803912,331,620.067317
-4.888065,1000,621.209389
151.027027,1000,624.329396
14.462914,1000,625.505595
115.798514,1000,628.731619
64.031759,1000,629.94591
30.021477,1000,636.806486
-502.310927,748,639.851465
-58.122385,1000,644.444689
-127.881451,1000,655.199932
-4.478438,1000,660.246235
43.418459,1000,671.05635
61.522666,1000,676.549124
-140.555114,1000,686.1506
127.865461,1000,691.912896
137.580943,1000,701.20009
35.612124,1000,705.764331
-404.906362,1000,717.239256
-48.732917,1000,722.788722
-30.217417,1000,732.340772
79.517623,1000,736.989509
151.851351,1000,747.525168
-33.985594,1000,748.536563
-85.502348,1000,751.058969
187.522315,1000,752.26406
-37.558232,1000,755.264269
28.759852,1000,756.399042
25.570503,1000,759.434227
53.802164,1000,760.561765
6.028455,1000,763.539302
30.196683,1000,764.662819
156.237011,1000,767.736964
139.349128,1000,769.464869
51.377223,1000,773.142165
-46.719224,1000,774.854272
-41.450109,1000,778.761962
-31.767259,1000,780.87514
-21.664302,1000,785.165057
-67.775027,1000,786.619581
111.724948,1000,790.533161
-1.944995,1000,792.285012
-48.245552,1000,795.957175
59.223577,1000,797.692667
-83.71049,1000,801.999281
42.348173,1000,803.746637
-188.919819,1000,807.332457
26.65004,1000,809.23772
-38.197957,1000,810.632073
33.3968,1000,814.781016
-232.992898,1000,816.12921
-64.051965,1000,819.355953
-213.916544,1000,820.554938
95.020981,1000,824.248514
-166.64636,1000,825.446545
144.533422,1000,829.992218
79.829294,1000,831.289317
-305.489459,1000,835.466111
32.604544,1000,836.923601
-55.923796,1000,840.880719
201.140831,1000,842.329406
109.810768,1000,846.468813
23.28615,1000,848.001896
142.664389,1000,851.599455
-50.453928,1000,852.910964
-92.639894,1000,856.347155
-16.550848,1000,857.879388
132.213828,1000,861.380535
205.169513,1000,862.744239
132.016708,1000,866.220951
85.444585,1000,867.678314
44.855528,1000,871.419628
5.997006,1000,872.621977
-43.843498,1000,876.826999
-129.891611,1000,878.257727
135.434411,1000,882.313873
16.32197,1000,883.895177
140.67129,1000,887.819201
210.02119,1000,889.39314
266.301241,1000,893.463898
217.58746,1000,894.955812
139.291624,1000,898.799069
69.150657,1000,900.278642
-232.76553,1000,904.314831
160.500753,1000,905.818582
128.591761,1000,909.447641
299.981867,1000,910.824641
-44.320457,1000,914.414636
283.055682,1000,916.106913
310.198814,1000,920.219616
-36.446641,1000,921.797872
47.05879,1000,923.292033
-193.955869,1000,928.307368
289.407371,1000,930.054463
77.717996,1000,934.07809
-227.177149,1000,935.740822
-180.06907,1000,939.429111
73.273457,1000,940.802384
-315.269543,1000,944.311313
31.393211,1000,945.648016
-80.696644,1000,949.08071
-280.065524,1000,950.496141
111.203136,1000,953.907069
222.138437,1000,955.132237
-179.761326,1000,958.423973
-444.720326,1000,959.681223
-386.462238,1000,963.177996
74.004133,1000,964.555509
-187.500725,1000,968.337755
-372.212394,1000,969.997149
-226.025421,1000,973.65904
-103.675181,1000,974.606387
-280.306823,1000,978.392835
-205.575355,1000,979.716999
-252.264434,1000,983.301162
-78.902786,1000,984.639726
210.106279,1000,987.746169
-259.881302,1000,989.9617
-521.379645,1000,994.706577
156.362421,1000,996.307796
-12.658647,1000,999.832806
83.43233,1000,1002.023291
-88.849706,1000,1006.037772
24.859995,1000,1007.303716
-429.150635,1000,1011.699327
33.668889,1000,1013.052616
-47.465087,1000,1016.621337
67.82997,1000,1019.173829
183.74859,1000,1022.892213
77.19906,1000,1024.823084
33.301975,1000,1029.221589
-247.917476,1000,1031.661603
-201.981056,1000,1035.520609
179.302644,1000,1040.726834
85.856255,1000,1046.371148
-53.519825,1000,1057.172295
-36.684458,1000,1061.261218
-247.038399,1000,1072.380721
46.51799,1000,1078.029623
-268.896888,1000,1089.568571
-952.43437,1000,1095.179346
-144.1448,1000,1106.674129
-307.539071,1000,1112.286953
-700.654124,1000,1123.809314
42.759444,1000,1129.403973
-51.481834,1000,1140.214881
-44.677644,1000,1144.605577
-39.504055,1000,1155.052314
-32.96511,1000,1160.391476
54.101656,1000,1171.307724
41.977537,1000,1176.582731
-580.318435,1000,1188.481447
-603.030801,1000,1193.951647
-374.60918,1000,1199.974162
-364.130037,1000,1202.34772
-274.416822,1000,1206.288725
16.864546,1000,1207.979837
-35.017248,1000,1211.796357
-468.542301,1000,1213.064672
-527.49296,1000,1223.043231
195.519049,1000,1227.177995
-45.493409,1000,1237.793163
-972.969315,1000,1242.082159
267.312,1000,1251.794148
44.442673,1000,1255.480048
-10.82786,1000,1264.824035
44.792569,1000,1268.971678
-226.083879,1000,1278.873251
-938.910252,1000,1282.136206
146.915883,1000,1293.103341
155.079816,1000,1297.896037
104.440215,1000,1308.692194
-635.556536,1000,1314.350449
-1303.134023,1000,1325.542351
-1082.208537,1000,1329.472994
-1220.152237,1000,1339.669875
-1172.199188,1000,1343.933704
-408.649061,1000,1349.180145
-985.185629,1000,1360.503187
186.1952,1000,1363.902677
-1072.699824,1000,1368.041957
-589.533541,1000,1369.105801
-86.465871,1000,1372.86676
-1040.047233,1000,1376.231033
-584.236056,1000,1379.857305
-263.215622,1000,1381.049701
-1058.285842,1000,1384.235602
-1175.718647,1000,1385.625434
-1203.751754,1000,1392.580869
-1475.685248,1000,1398.110994
-169.214846,1000,1409.640878
-1602.97484,1000,1415.267403
-673.705879,1000,1427.095516
-270.33068,1000,1431.964094
-1386.915387,1000,1442.217168
-46.722791,1000,1446.61435
-823.390834,1000,1457.895168
-642.160669,1000,1461.510758
-40.609951,1000,1468.035281
-459.91706,1000,1472.756163
-228.050478,1000,1484.068958
-201.212058,1000,1488.285114
-92.457923,1000,1499.551002
-1866.172439,1000,1504.605983
-1383.490965,1000,1516.346225
-165.053153,1000,1521.999809
104.300309,1000,1533.448081
61.408916,1000,1538.630467
52.342333,1000,1550.490613
-1223.084333,1000,1555.975605
-290.504322,1000,1568.952463
-62.887698,1000,1572.901309
-388.26851,1000,1583.795081
-829.239295,1000,1588.721843
-237.277572,1000,1600.222431
-1098.751148,1000,1604.485326
-223.218544,1000,1615.145709
-100.821514,1000,1620.861371
-910.654012,1000,1627.016772
-1074.398269,1000,1628.024763
-661.343661,1000,1628.956782
-1755.677048,1000,1631.897208
-1198.712633,1000,1632.907252
-906.81845,1000,1636.177945
1.28418,1000,1637.304854
17.476681,1000,1640.351857
-1897.298404,1000,1641.47678
-683.484543,1000,1644.474426
-72.569027,1000,1645.596174
-2296.840169,1000,1648.716021
-191.570113,1000,1649.947706
-1103.080082,1000,1653.001945
-165.261672,1000,1654.181979
-232.128466,1000,1657.168324
-1138.796868,1000,1658.285728
-1058.08514,1000,1661.326168
-2291.90009,1000,1662.490619
-1733.764917,1000,1665.506914
-1227.646971,1000,1666.631177
-2617.001363,1000,1669.720313
-650.139272,1000,1670.85103
-102.346921,1000,1673.84125
-1578.891642,1000,1674.964415
-280.375028,1000,1677.977364
-2017.302988,1000,1679.190659
-330.667541,1000,1682.261232
-814.019629,1000,1683.400218
