#{"t_start": 1785490504.967729, "env_id": "None"}
r,l,t
-172.599184,84,3.64353
-120.507313,41,3.691528
-344.953933,68,3.824384
-479.804116,86,3.935282
-269.794841,42,3.991618
-307.21105,17,4.011312
-513.350944,95,4.171065
-64.249502,99,4.297275
-370.546665,47,4.366192
-250.202584,64,4.46974
-314.901459,59,4.564064
-323.509706,108,4.701229
-387.299308,25,4.753326
-233.53253,95,4.873342
-515.126064,134,5.041787
-173.717244,51,5.126453
-506.715129,65,5.211527
-522.804277,28,5.24678
-342.416374,169,5.463864
-564.989063,88,5.574078
-215.421919,133,5.744799
-242.181185,109,5.875682
-226.377456,63,5.953821
-296.444521,98,6.110401
-593.202974,107,6.241156
-214.913375,37,6.286003
-547.520503,74,8.399647
-249.145822,38,8.456295
-106.916583,90,8.582588
-110.784283,104,8.725321
-216.363044,166,8.939166
-225.136926,99,9.070754
-432.235796,94,9.183437
-154.156526,104,9.301089
-438.532203,169,9.493414
-124.383539,81,9.585332
-142.606743,78,9.674736
-647.401051,171,9.867697
-241.386686,121,10.002086
-235.818777,123,10.138543
-175.084689,120,10.27672
-308.561368,130,10.444481
-277.873764,38,10.492694
-500.717251,130,10.655947
-481.78361,69,10.743767
-223.972229,119,12.885864
-125.695995,72,13.004663
-450.781187,131,13.166603
-341.66951,177,13.381209
-527.493072,72,13.471265
-223.334253,138,13.701623
-502.115451,172,13.961779
-261.25939,147,14.144367
-344.748587,92,14.261033
-390.226465,89,14.373446
-100.186186,60,14.442243
-341.538679,137,14.600203
-419.968289,175,14.803919
-318.837047,208,15.051884
-391.695103,76,15.141568
-123.576637,74,15.229844
-101.424486,193,15.460227
-463.69955,174,17.633546
-231.052606,296,18.091887
-314.466112,172,18.305986
-117.943987,80,18.39794
-418.991074,150,18.583388
-409.810364,214,18.907638
-245.71109,185,19.133282
-103.580917,110,19.258755
-248.271775,131,19.403864
-118.646638,45,19.455777
-224.222329,69,19.532146
-582.086868,161,19.716576
-534.104665,202,19.955682
-411.490122,153,22.180716
-184.363085,231,22.508568
-123.906001,83,22.630384
-334.508202,160,22.84127
-87.714901,195,23.110247
-51.618996,191,23.362649
-401.972881,152,23.569849
-188.160102,48,23.632496
-401.110734,236,23.974752
-136.359047,175,24.232194
-148.997067,156,24.448869
-141.807304,163,24.656934
26.671835,272,27.133044
-99.997596,200,27.417429
-467.488963,146,27.630069
-198.352519,137,27.808763
-154.727373,161,28.123094
-371.545382,143,28.296675
-15.275424,127,28.446208
-57.567151,144,28.621243
-165.99921,125,28.766016
-134.873848,249,29.066274
-64.874271,151,29.344066
-128.921122,186,29.622702
-78.39234,151,29.80555
-378.765587,143,32.01888
-30.773914,173,32.261254
-48.647762,150,32.446231
-179.220793,165,32.641499
-225.744163,191,32.864832
-204.387712,181,33.064833
-209.27069,171,33.26612
-150.65572,119,33.409137
-187.61761,178,33.617113
-76.374506,139,33.787427
-197.09318,242,34.092632
-135.719811,244,36.356747
-176.117884,225,36.66841
-184.500574,217,36.959281
21.246869,173,37.203441
-205.664179,265,37.534596
-114.853339,153,37.775733
-116.945128,184,38.010715
-89.375381,286,38.520764
-202.220953,187,38.777062
-211.224107,156,38.966996
-12.953028,197,41.323396
-160.070853,175,41.570447
-138.101777,197,41.808299
-200.112178,260,42.191149
34.484239,317,42.617713
-218.036298,143,42.917573
-216.70423,205,43.176882
40.349859,187,43.387832
-61.98227,252,43.671807
62.952865,338,45.982853
59.701555,357,46.427375
-33.010495,208,46.675812
-42.473043,227,46.942444
-49.488024,185,47.171846
82.142679,223,47.485848
9.641888,168,47.682076
-120.751338,49,47.738854
121.998021,350,48.149354
-106.51118,184,48.368751
-16.704137,193,50.543061
27.160012,254,50.851846
-139.37886,200,51.101839
-83.925518,153,51.292426
116.238087,254,51.582002
-164.854702,197,51.81745
-9.283341,184,52.039271
-43.625813,221,52.308721
119.428491,388,52.76016
164.291845,384,55.422559
240.347291,472,56.040509
110.053178,203,56.277331
33.529834,347,56.741245
82.956742,279,57.085725
302.724268,425,59.597728
-117.695916,45,59.663501
408.963593,566,60.583195
651.456845,800,61.680758
138.916913,264,62.041326
275.999939,515,64.653449
969.803051,1000,65.780916
660.987177,912,68.683091
1064.856968,1000,69.92718
1049.566251,1000,71.277327
1098.738641,1000,74.432799
1111.388149,1000,75.580914
1128.458316,1000,78.797606
1153.110229,1000,79.964096
1161.531923,1000,83.671079
1147.49524,1000,84.904926
1183.943998,1000,88.421665
1217.676998,1000,89.660101
1211.666007,1000,92.784416
1221.396401,1000,93.973995
1252.605491,1000,97.317292
1290.811609,1000,98.552913
1283.788505,1000,102.000554
1248.422703,1000,103.404943
1286.412167,1000,106.816261
1317.402373,1000,108.108478
1325.05993,1000,111.505704
1272.48177,1000,113.073357
1316.810306,1000,116.447869
1366.27545,1000,117.787528
1379.988839,1000,121.032605
1399.271012,1000,122.335289
1383.523253,1000,125.483563
1402.988262,1000,126.618737
1396.071536,1000,129.671748
1421.733881,1000,130.857029
1418.532331,1000,134.122247
1427.459382,1000,135.372928
1400.420061,1000,138.622682
1482.827588,1000,140.027848
1498.9318,1000,143.332872
1481.357968,1000,144.472545
1498.930614,1000,147.590874
1488.89125,1000,148.774381
1496.092438,1000,151.989463
1526.614523,1000,153.43766
1528.648901,1000,156.883274
1544.805908,1000,158.213138
1570.483555,1000,161.394951
1522.063,1000,162.671776
1553.735675,1000,166.067003
1591.522984,1000,167.635086
1608.15197,1000,169.03333
1624.354931,1000,172.446701
1626.808761,1000,173.611585
1608.6558,1000,178.60744
1615.772113,1000,180.612187
1668.488851,1000,185.696729
1692.155425,1000,187.87782
1665.920542,1000,192.947653
1631.233323,1000,194.999988
1703.831968,1000,198.992904
1724.576523,1000,200.027836
1741.740913,1000,203.509995
1698.436153,1000,204.636106
1714.241419,1000,208.279148
1767.979254,1000,209.582959
1779.392657,1000,213.455602
1752.008185,1000,214.874484
1754.466382,1000,218.677062
1850.267679,1000,219.972941
1825.170265,1000,224.313953
1825.209102,1000,225.473901
1844.816863,1000,230.034208
1843.083629,1000,231.825747
1864.627326,1000,236.497532
1827.106169,1000,238.534069
1897.957462,1000,242.749497
1851.178893,1000,244.246986
1900.304837,1000,248.539061
1867.957983,1000,250.329434
1854.523028,1000,255.339961
1940.629783,1000,257.448395
1864.279007,1000,261.797383
1909.101855,1000,263.197587
1880.612882,1000,267.393797
1866.779249,1000,269.150538
1916.525542,1000,273.520208
1910.258026,1000,275.184473
1929.745852,1000,278.940495
1896.76183,1000,280.677856
1931.805517,1000,285.496997
1879.908404,1000,287.379218
1933.978936,1000,289.564867
1894.109047,1000,294.458222
1922.000679,1000,296.290668
1889.966339,1000,300.616777
1908.294946,1000,302.346387
1940.605755,1000,306.931829
1960.681574,1000,309.108869
1919.104833,1000,313.744496
1908.409587,1000,316.071078
1921.926748,1000,320.579754
1907.236202,1000,322.185337
1902.410887,1000,326.267893
1939.086389,1000,328.216135
