#{"t_start": 1786005230.8970442, "env_id": "None"}
r,l,t
-222.612495,116,17.11586
-157.547349,48,17.296551
-230.499022,113,17.633395
-140.225757,107,17.944767
-209.855276,157,18.290716
-76.38954,64,18.603299
-102.944287,40,18.702402
-232.856467,132,19.033554
-187.196161,60,19.161931
-189.06356,147,19.513777
-203.784721,163,19.851347
-179.135449,71,19.995809
-133.758262,92,20.262418
-182.732233,115,20.54985
-82.362783,125,20.826473
-41.135005,129,21.032766
-226.168246,137,21.321302
-226.084538,113,21.536721
-206.326749,167,24.608545
-191.240246,146,25.014712
-216.191453,138,25.302359
-191.174426,176,25.835665
-45.430006,117,26.16395
-33.602422,144,26.588702
-229.353355,122,26.948199
-222.905623,111,27.155239
-201.094213,160,27.432553
-208.670385,141,27.705496
-164.834674,197,28.065463
-196.656377,197,28.448166
-128.370637,148,28.691872
-168.492701,163,29.111361
-215.717821,164,32.023039
-232.731774,139,32.285683
-205.335762,132,32.540482
-190.916406,159,33.007536
-33.36511,136,33.324843
-230.89357,141,33.62816
-148.13227,143,33.926095
-229.467679,132,34.16699
-134.821094,158,34.419435
-222.769119,162,34.66313
-126.990624,164,34.974758
-189.15662,189,35.3666
-218.224129,135,35.713599
-187.245867,155,39.574772
-209.770865,151,39.851764
-205.571289,116,40.08592
-199.283814,183,40.469374
-102.524956,164,40.858946
-159.284274,148,41.30942
-154.12489,187,41.72787
-84.733039,171,42.042909
-84.967003,124,42.373867
-176.544796,131,42.750059
-210.859259,183,43.152263
-174.975811,242,43.618139
-232.130856,116,43.85372
-246.158007,116,46.452516
-234.194457,118,46.689243
-70.648053,170,47.066154
-188.122296,190,47.439089
-170.134289,149,47.70838
-156.748166,128,47.922464
-191.306984,155,48.379705
-224.786494,140,48.680355
-232.544161,126,49.091784
-97.05466,145,49.537861
-217.487345,147,49.791639
-209.880108,162,50.300662
-103.754878,192,50.834804
-75.114333,159,51.255732
-76.94023,163,53.94631
-165.938683,137,54.25897
-24.521503,165,54.625737
-173.529693,209,55.212087
-225.181768,111,55.440381
-190.528001,187,55.973367
-178.963263,123,56.233481
-205.730816,136,56.646364
-221.769223,150,57.035923
-213.485928,151,57.280939
-75.119188,170,57.550919
-206.463835,130,57.741893
-196.464146,153,58.143151
-237.398888,115,58.395657
-201.816253,197,60.994848
-238.243634,123,61.175606
-230.852031,125,61.53966
-221.389244,152,61.844456
-85.830302,155,62.165999
-182.60498,149,62.410231
-213.463032,140,62.667016
-193.67081,181,63.027877
-55.83961,88,63.136134
-222.757825,151,63.335013
-16.242726,155,63.551546
-230.334522,169,63.786684
-202.180579,146,63.988961
-34.581424,107,64.133263
-207.533911,151,67.246104
-187.55207,244,67.80539
-202.232836,156,68.099345
-194.954861,193,68.441593
-77.046198,212,68.886574
-223.496136,141,69.285695
-227.846833,163,69.779875
-23.281313,246,70.397449
-191.134153,180,70.691608
-193.626149,180,71.120809
-215.880899,135,71.443777
-208.747292,173,74.061886
-98.5962,191,74.386324
-206.01753,173,74.682472
-108.148222,153,74.882641
-206.79289,150,75.15503
-214.127856,153,75.382205
-224.459917,143,75.701973
-224.381898,173,76.052536
-147.351081,140,76.383811
-81.702701,228,76.985956
-196.659792,186,77.271705
-226.641472,150,77.499078
-137.766087,156,80.076175
-200.748333,154,80.365743
-227.184336,144,80.611513
-224.43609,145,80.865121
-122.666925,167,81.115895
-222.292265,169,81.385857
-206.0225,152,81.599396
-164.962817,235,81.93231
-248.866128,153,82.149262
-33.497741,131,82.316004
-58.467436,158,82.528127
-221.402229,125,82.86631
-236.563082,138,83.199162
-112.04337,132,85.554055
5.217481,180,86.021146
-219.853777,135,86.532566
-76.840597,136,86.818557
-208.654405,155,87.092553
2.289949,246,87.590853
-113.177729,223,88.154878
-48.681657,154,88.479607
-225.503284,139,88.769797
-90.147306,137,89.0541
-169.241102,156,89.399919
-183.760982,196,89.765068
-67.075716,123,89.985888
-141.977534,177,93.13697
-126.385319,147,93.428041
-100.078448,247,93.855793
-188.004859,249,94.222691
-149.94,146,94.52999
-201.131338,206,95.036527
-208.848605,164,95.410826
-96.453929,153,95.714852
-72.087776,189,96.074581
-32.772596,188,96.452058
-80.807427,131,96.711559
-198.456916,163,99.471293
-216.988831,182,99.895797
-48.185676,160,100.265169
-136.891056,141,100.593857
-190.594307,160,100.989596
3.531233,175,101.334195
-49.126961,214,101.928702
-177.654533,208,102.269084
-34.085259,147,102.698133
-88.604341,183,103.170858
-23.468261,168,103.622583
-97.062353,152,103.889577
-85.737713,218,106.579317
-2.043341,169,106.885978
95.89865,347,107.676439
-209.192472,154,107.961587
-116.28579,149,108.20396
-159.865417,326,108.86939
-49.258177,158,109.271473
-4.845436,185,109.574993
-9.600791,149,109.925699
-23.033861,217,110.581168
-39.034851,156,113.320423
-189.317065,219,113.858947
-65.069015,170,114.193664
-35.19394,142,114.546157
-4.010979,172,115.052187
14.965695,249,115.817734
-44.205665,182,116.150566
-181.995653,221,116.575478
-93.619796,198,116.932933
-39.915339,180,117.233058
-36.750589,145,117.69972
14.524286,248,120.858527
14.152516,194,121.126348
-34.27378,126,121.492649
-31.785597,250,122.115047
-20.34328,158,122.548146
-28.815411,210,123.115443
23.488244,205,123.530991
-23.460525,147,123.848134
24.300667,256,124.316437
-35.888821,180,124.631342
17.677637,199,127.298377
2.297121,215,127.814801
-4.476732,191,128.431937
19.390456,221,129.164143
50.870202,275,129.480958
-50.75499,170,129.681611
-14.207185,184,129.8982
38.390308,245,130.164699
-42.091963,161,130.331267
33.787788,252,130.598173
3.596598,170,132.420181
24.040798,219,132.664171
68.898824,284,132.964163
-5.674528,174,133.201737
29.91275,221,133.795657
16.131035,191,134.391834
22.526527,257,135.101342
-20.996517,165,135.28128
21.512115,218,135.514316
52.462343,253,135.781282
41.97389,275,137.663962
10.354326,183,137.864851
25.611472,207,138.081166
2.331711,178,138.279961
91.68891,330,138.63396
34.551235,200,138.897508
66.61295,284,139.264357
177.722874,438,141.884074
75.416213,303,142.330899
130.396774,353,142.798344
187.923282,474,143.430721
88.932129,313,143.831035
54.491039,254,144.147673
27.16005,202,144.413565
91.234327,342,146.830624
64.889893,271,147.197319
148.274455,396,147.732874
120.038543,336,148.166252
141.177527,387,148.680475
62.008613,304,149.081016
103.321004,367,151.614197
243.432986,574,152.479196
336.856892,734,153.464036
599.708247,1000,156.73053
658.278163,1000,158.030005
684.070317,1000,161.430882
392.332248,768,162.432681
646.400858,1000,165.963571
714.497919,1000,167.280396
624.164736,1000,170.635168
619.247842,1000,171.963244
713.795525,1000,175.479774
758.709608,1000,176.796665
669.665175,1000,180.094557
662.879512,1000,181.413122
664.565204,1000,182.729825
747.1074,1000,186.096348
699.592305,1000,187.363267
739.729221,1000,190.696108
796.320234,1000,192.013091
832.44121,1000,195.363115
784.398278,1000,196.765175
853.636131,1000,200.163165
799.39524,1000,201.43292
859.318308,1000,204.863122
828.10912,1000,206.224569
888.269517,1000,209.524295
901.491678,1000,210.860202
896.659323,1000,214.109226
932.67709,1000,215.392326
992.406266,1000,218.778492
961.542087,1000,220.154539
970.638304,1000,223.410994
979.341716,1000,224.772032
1029.380543,1000,228.0237
1041.257724,1000,229.30842
988.148003,1000,232.483798
1075.744467,1000,233.80933
1165.024366,1000,237.030553
1052.045852,1000,238.372302
1055.928884,1000,242.055338
1136.043309,1000,243.239244
1146.888101,1000,246.585338
1183.704443,1000,247.948324
1118.362197,1000,251.185892
1161.823729,1000,252.360763
1176.281672,1000,255.556857
1184.004703,1000,256.736778
1271.615629,1000,259.823362
1273.889914,1000,260.99047
1172.306293,1000,264.160657
1275.780633,1000,265.389654
1208.9347,1000,268.607772
1247.679387,1000,269.813411
1315.517387,1000,272.884583
1216.092681,1000,274.104827
1309.757468,1000,277.156089
1408.449863,1000,278.372437
1343.85008,1000,279.520066
1408.647415,1000,282.640943
1340.650604,1000,283.817469
1343.378437,1000,287.144642
1391.841109,1000,288.37696
1437.192934,1000,291.505616
1371.891411,1000,292.676467
1418.903311,1000,295.760774
1415.891081,1000,297.033835
1606.146954,1000,300.139717
1443.377563,1000,301.265862
1477.972945,1000,304.43843
1395.417306,1000,305.646777
1472.537592,1000,308.900374
1447.593645,1000,310.059842
1576.103093,1000,313.250952
1645.990217,1000,314.391138
1502.711578,1000,317.601635
1484.97022,1000,318.831913
1515.419723,1000,322.028471
1484.530715,1000,323.214037
1675.678713,1000,326.546189
1531.708062,1000,327.94599
1465.981243,1000,331.16426
1635.110222,1000,332.3456
1614.730147,1000,335.534213
1563.747801,1000,336.728852
1732.46481,1000,339.941945
1517.09901,1000,341.134262
1559.105001,1000,344.276932
1664.137968,1000,345.559711
1636.293136,1000,348.763411
1593.642416,1000,349.985482
1626.478196,1000,353.091332
1669.583726,1000,354.286996
1653.203796,1000,357.34465
1641.086675,1000,358.724617
1614.98617,1000,361.935979
1623.210297,1000,363.110513
1643.121838,1000,366.384973
1685.003154,1000,367.68775
1640.274409,1000,371.324144
1673.83232,1000,372.566724
1731.489084,1000,373.729118
1638.014699,1000,376.785681
1708.480551,1000,377.9651
1101.260517,800,380.884274
1218.689016,816,381.821699
1705.520893,1000,385.034949
1715.251471,1000,386.204316
1712.500601,1000,389.363192
1685.654929,1000,390.728522
1681.407828,1000,393.875385
1676.438458,1000,395.034128
1668.008998,1000,398.152198
1714.792553,1000,399.330055
1645.972247,1000,402.520561
1648.429692,1000,403.747308
1706.245501,1000,406.943618
1742.054276,1000,408.121323
1672.978259,1000,411.279066
1734.495557,1000,412.474893
1684.049725,1000,415.565828
1800.638701,1000,416.818503
1738.222399,1000,419.941609
1679.996645,1000,421.215571
1675.477157,1000,424.321425
1701.37797,1000,425.554148
1674.422372,1000,428.653099
1816.739875,1000,429.903218
1668.625506,1000,431.158894
1657.428066,1000,434.277925
1741.732538,1000,435.482395
1800.911592,1000,438.763726
1757.800217,1000,440.120681
1756.173361,1000,443.372497
1783.687331,1000,444.520461
1675.457672,1000,447.571091
1723.923828,1000,448.724944
1668.071225,1000,451.926824
1673.184106,1000,453.227487
1732.051869,1000,456.362415
1679.307099,1000,457.520042
1717.654626,1000,460.658083
1837.981643,1000,461.860074
1718.390017,1000,465.20997
1813.765633,1000,466.384066
1668.229479,1000,469.554072
1719.689519,1000,470.70894
1742.72338,1000,473.829393
1684.612723,1000,475.112803
1825.443011,1000,478.247881
1687.607737,1000,479.384039
1791.941757,1000,482.53365
1734.34771,1000,483.86022
1774.720337,1000,487.000345
1717.264701,1000,488.143406
1691.920314,1000,491.264496
1697.541714,1000,492.449544
1709.0279,1000,495.691727
1837.494949,1000,496.920649
1755.226974,1000,500.094543
1676.548571,1000,501.373534
1737.870725,1000,504.558701
1672.485116,1000,505.734285
1710.070543,1000,508.954533
1828.352965,1000,510.224684
1749.937518,1000,513.372174
1726.683419,1000,514.710551
1669.822881,1000,517.833834
1697.520541,1000,519.277915
1726.22961,1000,522.498651
1802.218267,1000,523.752222
1845.136356,1000,525.094653
1707.42921,1000,528.340554
1853.382421,1000,529.495589
1690.559807,1000,532.647366
1687.987843,1000,533.811451
1699.075915,1000,536.935718
1655.580495,1000,538.089892
1745.734747,1000,541.276083
1683.933322,1000,542.452255
1794.273939,1000,545.660595
1755.476384,1000,546.822295
1712.987603,1000,550.022841
1736.039528,1000,551.203621
1787.271306,1000,554.320577
1675.394911,1000,555.587577
1684.449015,1000,558.754252
1692.765922,1000,559.92871
1659.42358,1000,563.03333
1693.955516,1000,564.18721
1663.907784,1000,567.314775
1851.740446,1000,568.537777
1663.156045,1000,571.63709
1693.67811,1000,572.825691
1749.022751,1000,576.067681
1805.052428,1000,577.242934
1800.969534,1000,580.354781
1737.753355,1000,581.5329
1690.28092,1000,584.633907
1715.080746,1000,585.84166
1760.40994,1000,589.141392
1744.611374,1000,590.334166
1693.475035,1000,593.498002
1740.579916,1000,594.703397
1683.341096,1000,597.826077
1758.848648,1000,599.102023
1692.143548,1000,602.200664
1714.222503,1000,603.386647
1709.767019,1000,606.486677
1755.72545,1000,607.829199
1702.252417,1000,610.929878
1781.434874,1000,612.215354
1732.15841,1000,615.293274
1830.540141,1000,616.539977
1782.644564,1000,617.74843
1751.414162,1000,620.90275
1773.060138,1000,622.029673
1756.535136,1000,625.107668
1782.493484,1000,626.328029
1832.748374,1000,629.477215
1680.398744,1000,630.649173
1763.926079,1000,633.766388
1687.492371,1000,634.893908
1731.426938,1000,638.128488
1755.5568,1000,639.337607
1698.353292,1000,642.549553
1699.604677,1000,643.703975
1812.266286,1000,646.868019
1731.238839,1000,648.032733
1761.931252,1000,651.300133
1711.80013,1000,652.437323
1806.575162,1000,655.571277
1672.017403,1000,656.74238
1729.724089,1000,659.910056
1729.055645,1000,661.085216
1739.09912,1000,664.196638
1740.024562,1000,665.338974
1700.970297,1000,668.418304
1801.794148,1000,669.718268
1745.388804,1000,672.898663
1848.736923,1000,674.078067
1748.913802,1000,677.310461
1748.398138,1000,678.504386
1723.570059,1000,681.785393
1743.234884,1000,682.982999
1686.229937,1000,686.099181
1705.811721,1000,687.293146
1772.559884,1000,690.414772
1826.198264,1000,691.618519
1713.429542,1000,694.675271
1745.776339,1000,695.867589
1817.565534,1000,698.939527
1738.586204,1000,700.224301
1766.580237,1000,703.318135
1839.831695,1000,704.574702
1714.074931,1000,705.765666
1786.358148,1000,708.924957
1782.632033,1000,710.214958
1707.10741,1000,713.334947
1758.801817,1000,714.537506
1723.338151,1000,717.74017
1836.116888,1000,718.90659
1716.216947,1000,722.095676
1735.403736,1000,723.262515
1836.328451,1000,726.445435
1726.201529,1000,727.57932
1771.293455,1000,730.867938
1738.1664,1000,732.096453
1729.357511,1000,735.275511
1795.626633,1000,736.418024
1812.61922,1000,739.592482
1813.519274,1000,740.737016
1795.182276,1000,743.983348
1732.437047,1000,745.174598
1708.817166,1000,748.396058
1803.529979,1000,749.633415
1736.044021,1000,752.845559
1765.875273,1000,754.001765
1755.159451,1000,757.104047
1709.5489,1000,758.355986
1862.73746,1000,761.526018
1833.548399,1000,762.723907
1760.433545,1000,765.903178
1757.202667,1000,767.088586
1784.191514,1000,770.253601
1775.348827,1000,771.429844
1804.370922,1000,774.662303
1757.748716,1000,775.877449
1707.080585,1000,778.975611
1724.79254,1000,780.20068
1739.849634,1000,783.372108
1808.681282,1000,784.53864
1817.108124,1000,787.629937
1838.674402,1000,788.848686
1797.093512,1000,791.92817
1745.320318,1000,793.300001
1823.985535,1000,796.488294
1843.061693,1000,797.693404
1696.979397,1000,798.858047
1732.371657,1000,801.932171
1779.873787,1000,803.18589
1730.370496,1000,806.435433
1773.386428,1000,807.598301
1755.589128,1000,810.798244
1753.78754,1000,812.055453
1742.117929,1000,815.276538
1758.061108,1000,816.400304
1763.724257,1000,819.605944
1761.366919,1000,820.8032
1794.271176,1000,824.087617
1867.208004,1000,825.207148
1695.680471,1000,828.422308
1767.977634,1000,829.550734
1800.947182,1000,832.643014
1725.441096,1000,833.857161
1745.330595,1000,837.017844
1752.270169,1000,838.161348
1809.824202,1000,841.250878
1732.685295,1000,842.404166
1711.943086,1000,845.560406
1789.400275,1000,846.721434
1757.016885,1000,849.785944
1791.022966,1000,850.933277
1827.626225,1000,854.067569
1715.878611,1000,855.400359
1736.062461,1000,858.518983
1799.014125,1000,859.704211
1784.250731,1000,862.871985
1751.455531,1000,864.051488
1846.691089,1000,867.185795
1767.796584,1000,868.049615
1761.444339,1000,871.164099
1804.100077,1000,872.452494
1751.070757,1000,875.663768
1787.837683,1000,876.839705
