#{"t_start": 1784560418.3997192, "env_id": "None"}
r,l,t
-98.725939,21,2.463058
-116.173673,4,2.465078
-104.861951,11,2.470079
-106.421512,7,2.473182
-110.212508,4,2.475158
-108.862683,11,2.480265
-108.426275,8,2.483265
-108.176205,8,2.487265
-110.380168,5,2.48927
-105.831555,9,2.492892
-108.184601,5,2.495957
-108.98259,8,2.498988
-115.256496,10,2.502892
-109.006238,7,2.506923
-109.551466,4,2.507998
-108.434526,5,2.510998
-112.26167,4,2.512995
-93.359595,33,2.528892
-105.957864,8,2.534
-106.693624,6,2.535992
-114.377131,4,2.537992
-109.036537,10,2.541988
-104.277953,10,2.545937
-97.429735,24,2.556
-117.899602,9,2.559995
-101.5127,22,2.568992
-113.246183,5,2.570991
-105.93331,5,2.572999
-106.328994,4,2.574998
-100.401296,14,2.581098
-104.968234,8,2.584097
-114.841601,5,2.586048
-105.149381,6,2.589001
-106.309068,5,2.590001
-102.136024,12,2.597014
-106.573455,5,2.600029
-111.882243,11,2.609423
-108.254423,8,2.613531
-112.170675,4,2.615529
-100.950658,14,2.621425
-109.111364,7,2.624425
-103.877029,11,2.629427
-103.787663,10,2.634465
-114.543536,3,2.635549
-107.377344,5,2.63753
-113.289525,5,2.640535
-107.308989,5,2.642523
-108.029244,10,2.646528
-106.44621,7,2.650544
-115.448782,6,2.652533
-108.966251,5,2.655533
-110.042517,6,2.657548
-104.762857,6,2.660529
-112.821555,6,2.663523
-114.012121,6,2.666531
-111.87798,6,2.669518
-107.377183,5,2.671533
-106.199357,5,2.673532
-107.750725,5,2.675539
-112.734485,3,2.677641
-96.421206,22,2.686636
-108.553392,5,2.689639
-108.295204,5,2.691638
-97.374377,17,2.699371
-102.050775,13,2.705372
-103.377576,21,2.714363
-108.794028,9,2.718379
-107.099211,8,2.722372
-110.860252,3,2.72436
-113.468401,5,2.726314
-114.565887,17,2.736259
-111.016742,5,2.739259
-112.085201,4,2.74026
-107.71874,5,2.743371
-104.745426,9,2.748366
-103.162652,13,2.753371
-110.179006,17,2.761258
-111.19622,5,2.763258
-105.388176,16,2.770258
-101.542449,13,2.775264
-107.848069,4,2.778284
-105.192505,8,2.781281
-109.697588,8,2.78528
-111.646659,16,2.791789
-116.832225,5,2.79382
-119.959076,4,2.795796
-101.156108,10,2.800796
-108.43468,8,2.803812
-108.26601,10,2.807812
-107.023289,5,2.810796
-96.268883,19,2.818802
-112.45763,5,2.820796
-104.298349,12,2.826799
-112.836369,14,2.832811
-107.400208,9,2.836894
-111.38119,8,2.840796
-117.844382,5,2.842795
-105.132698,7,2.845795
-108.729967,6,2.848815
-105.503799,6,2.850796
-103.217265,10,2.855811
-108.892309,13,2.860797
-111.279773,6,2.863812
-106.047073,9,2.867799
-102.636875,14,2.873914
-115.833115,6,2.876905
-110.918834,12,2.882034
-103.682991,11,2.887077
-102.466929,12,2.892626
-105.945796,5,2.894735
-104.168942,7,2.897738
-102.638731,8,2.900733
-109.313055,8,2.904734
-104.269183,13,2.910732
-106.938502,6,2.912737
-110.322645,4,2.914732
-105.939607,7,2.917733
-103.049122,14,2.924736
-108.152034,8,2.927742
-105.310704,7,2.930737
-109.117194,5,2.933737
-103.527028,7,2.93674
-112.588152,5,2.938741
-117.155591,4,2.94073
-99.965123,18,2.948733
-115.021819,6,2.951634
-109.214322,4,2.95375
-103.908914,8,2.957733
-108.111959,6,2.960737
-105.934113,14,2.966741
-103.712166,7,2.969634
-105.801163,7,2.973749
-108.284138,7,2.976737
-105.172076,15,2.982824
-105.755668,10,2.98684
-106.453353,13,2.992463
-112.30246,5,2.995471
-103.531934,10,2.999472
-114.611575,5,3.002575
-102.13482,11,3.007574
-104.738765,7,3.010583
-117.076536,4,3.012471
-116.670563,4,3.013471
-107.542405,7,3.017571
-108.113184,7,3.020484
-108.630583,5,3.02257
-106.662673,6,3.025587
-111.048387,7,3.02847
-113.460406,10,3.033578
-111.851223,10,3.038572
-106.025792,8,3.041583
-100.603586,28,3.053571
-104.646856,9,3.058573
-108.87245,5,3.06057
-98.442085,16,3.070584
-101.679927,13,3.08159
-115.380699,13,3.08959
-109.821874,3,3.091587
-111.89889,4,3.093937
-100.462509,16,3.103937
-106.402282,6,3.105941
-106.843974,7,3.109941
-108.485477,7,3.112945
-110.951577,8,3.115932
-112.546276,6,3.118931
-100.316876,21,3.127934
-111.276507,8,3.130933
-107.864498,4,3.132934
-107.389408,5,3.134938
-109.184539,7,3.137932
-108.061543,5,3.140934
-102.114215,11,3.144933
-105.847559,5,3.147937
-105.362163,10,3.151946
-112.714451,4,3.153935
-110.157285,5,3.155942
-112.646779,4,3.157936
-114.722794,5,3.159879
-104.665352,13,3.165862
-113.986408,5,3.167861
-105.455969,5,3.170854
-105.387773,9,3.173832
-103.123355,11,3.17886
-110.065827,5,3.180964
-111.384735,13,3.186907
-108.265499,8,3.18996
-107.412471,7,3.193718
-106.844656,6,3.19562
-103.433351,13,3.201719
-100.549586,11,3.206644
-109.159474,9,3.210722
-96.123381,31,3.22462
-120.286857,6,3.228618
-111.342569,5,3.232793
-112.746225,5,3.235905
-107.803296,4,3.237915
-110.437969,6,3.240913
-108.625278,10,3.244915
-99.970477,13,3.249911
-108.008415,5,3.252913
-106.953428,4,3.254926
-115.730137,7,3.256926
-102.331105,16,3.263927
-106.4629,9,3.268181
-107.94485,8,3.270926
-113.244729,6,3.273926
-116.445623,4,3.275931
-107.033349,6,3.278941
-104.744614,8,3.28196
-92.691418,37,3.29752
-106.927669,5,3.299519
-110.874452,3,3.300519
-104.853655,8,3.304519
-107.326037,5,3.306519
-109.286138,11,3.311522
-110.247837,7,3.314508
-114.032507,4,3.316521
-105.400783,8,3.320519
-115.131291,7,3.32352
-105.641522,11,3.328505
-104.662267,9,3.33252
-107.744248,14,3.338524
-117.533144,4,3.340524
-106.706058,4,3.342524
-105.237515,6,3.345504
-102.672075,10,3.349504
-112.513575,5,3.352524
-108.462071,5,3.354524
-107.518567,9,3.358622
-106.388202,5,3.361603
-114.433886,5,3.364519
-106.763272,6,3.368507
-107.607172,7,3.372605
-105.851091,6,3.375605
-119.38161,4,3.377629
-107.584372,4,3.379747
-109.570844,9,3.383744
-106.550527,7,3.386732
-103.318029,7,3.389745
-113.175963,5,3.391733
-99.020023,24,4.385049
-107.038999,8,4.390049
-105.548387,11,4.39556
-110.246473,3,4.397559
-101.399942,11,4.402558
-106.62387,18,4.412564
-107.773871,11,4.417558
-109.35912,10,4.423575
-104.913746,7,4.426574
-114.376116,5,4.429563
-121.00499,8,4.432576
-104.601544,17,4.440559
-112.536603,3,4.443559
-100.324419,12,4.449558
-104.998947,10,4.455558
-102.044744,24,4.468563
-108.564024,8,4.472563
-104.101911,9,4.476562
-111.61511,8,4.481171
-112.62995,6,4.484171
-108.940347,7,4.489162
-115.509534,8,4.493665
-102.632997,13,4.499669
-106.16226,7,4.502669
-108.277839,8,4.506669
-110.462983,9,4.510669
-100.069456,23,4.522685
-108.892997,4,4.524686
-110.385691,7,4.528672
-110.958863,8,4.53367
-103.95004,14,4.540675
-111.573266,5,4.543674
-107.138164,5,4.546672
-104.419345,10,4.552669
-109.501118,13,4.559669
-106.389836,11,4.564669
-92.063163,27,4.576669
-109.380468,9,4.581692
-105.426532,10,4.585691
-103.208395,13,4.591691
-107.566962,16,4.599257
-107.175997,9,4.603262
-111.621362,3,4.604259
-111.31157,9,4.609257
-104.12115,14,4.615258
-107.477475,13,4.621257
-108.348619,5,4.624258
-106.093537,9,4.628278
-105.894993,7,4.632258
-101.472829,14,4.638258
-104.813738,11,4.645247
-105.478891,6,4.648258
-104.02532,8,4.653258
-110.424172,8,4.657258
-107.22545,13,4.663242
-107.402151,5,4.665258
-109.282131,6,4.668242
-105.561014,13,4.673257
-109.153286,10,4.678241
-104.271283,10,4.683293
-93.888672,21,4.69581
-104.80905,7,4.701822
-111.387191,6,4.705822
-101.210033,11,4.710805
-106.2462,14,4.71881
-107.494607,4,4.720811
-104.110185,9,4.729085
-107.138656,8,4.734084
-105.878709,7,4.73812
-120.253607,9,4.74308
-91.768384,26,4.754119
-101.408926,12,4.760096
-114.001793,5,4.762081
-106.090957,7,4.76508
-109.592412,4,4.767096
-114.290044,5,4.769095
-104.555533,7,4.773096
-108.769993,9,4.777096
-107.612122,10,4.7811
-105.220413,10,4.7851
-104.670515,7,4.7881
-107.379502,5,4.791084
-109.273541,4,4.7921
-104.878856,10,4.79738
-103.944894,8,4.800379
-108.337736,4,4.802364
-109.166598,6,4.80538
-105.072636,10,4.80938
-105.50215,11,4.814379
-105.038164,6,4.816379
-105.311369,8,4.820379
-104.213341,16,4.827363
-103.403715,13,4.833391
-108.930704,4,4.834381
-111.467369,16,4.841364
-109.367249,8,4.845368
-109.070842,8,4.85039
-105.479801,6,4.852364
-105.572625,12,4.85838
-103.906618,8,4.861364
-114.743886,4,4.86338
-106.778216,6,4.866368
-114.018555,7,4.869368
-109.710007,15,4.876365
-106.79393,18,4.88328
-105.916062,8,4.88728
-101.393434,10,4.891281
-108.858187,6,4.894814
-103.569123,7,4.897826
-106.408153,7,4.900826
-104.320242,12,4.905841
-111.753626,8,4.90983
-103.490152,9,4.913826
-101.237019,16,4.921828
-103.505404,12,4.927827
-99.230893,17,4.935828
-101.649623,21,4.946828
-107.013097,7,4.949828
-102.959075,10,4.954827
-105.898498,7,4.957828
-110.662161,4,4.961214
-102.839924,10,4.966334
-101.336144,12,4.973328
-104.918358,13,4.980652
-108.831532,4,4.983651
-113.53515,6,4.98565
-115.718686,7,4.988569
-109.656436,8,4.992567
-104.560024,10,4.997004
-112.753278,5,4.999002
-106.923628,12,5.004003
-103.301405,10,5.008991
-112.527105,8,5.013006
-106.337648,6,5.016003
-106.095906,8,5.019001
-109.680924,4,5.021002
-101.489267,14,5.027003
-114.539109,7,5.030002
-105.311287,6,5.033002
-111.632051,8,5.036004
-113.562179,4,5.038002
-109.510597,7,5.040986
-111.066141,5,5.044003
-114.293868,5,5.046135
-102.369422,13,5.052002
-105.675828,11,5.056535
-105.656895,11,5.061521
-93.169892,43,5.080527
-104.534823,11,5.084525
-112.925226,4,5.086532
-102.350869,12,5.092526
-98.035221,23,5.102982
-106.166221,7,5.105997
-105.900255,6,5.108997
-107.530165,5,5.110997
-117.075159,4,5.113006
-107.403226,5,5.114997
-107.871895,7,5.118997
-102.071161,12,5.123996
-119.123149,6,5.126997
-109.122599,7,5.129998
-110.995712,9,5.133982
-107.704683,8,5.137997
-101.153035,17,5.146011
-109.524931,5,5.147981
-109.358582,4,5.149981
-111.485954,4,5.151997
-107.697494,10,5.155997
-108.738208,7,5.159997
-100.042448,18,5.167997
-106.270627,16,5.174997
-103.017688,20,5.184133
-105.144915,15,5.190134
-105.461079,14,5.196688
-105.92392,10,5.200684
-100.125963,31,5.214673
-112.511955,6,5.217672
-105.191364,8,5.221671
-104.223114,16,5.230672
-105.148373,8,5.234672
-97.905846,18,5.243786
-103.172315,9,5.248672
-110.70943,6,5.251672
-107.671118,9,5.255672
-96.516335,36,5.272672
-107.497656,8,5.280784
-116.449073,4,5.284893
-106.55776,15,5.291893
-106.132304,11,5.296103
-106.998646,4,5.298487
-107.033074,7,5.301496
-113.902272,4,5.303498
-99.203781,17,5.311406
-103.029974,11,5.315406
-104.164194,8,5.319406
-103.533665,8,5.322406
-105.08644,5,5.325406
-106.966391,6,5.327406
-110.466341,14,5.334406
-107.52046,7,5.337393
-104.83594,9,5.341406
-103.316685,11,5.347427
-110.171592,6,5.349406
-108.763304,8,5.354391
-117.36733,4,5.355407
-107.051456,7,5.359406
-113.862159,6,5.362621
-108.099784,7,5.365645
-99.956148,22,5.374644
-103.168706,13,6.257857
-112.021917,6,6.260858
-93.230889,26,6.274857
-89.927114,42,6.297382
-106.313948,6,6.301382
-108.899784,5,6.303382
-103.149873,14,6.311382
-107.156062,19,6.321381
-106.691892,7,6.325382
-98.739158,16,6.334377
-95.800332,22,6.346382
-105.071343,13,6.353383
-106.322448,20,6.365377
-94.533957,26,6.380378
-114.906188,4,6.382381
-104.674383,7,6.386381
-100.927626,16,6.393382
-95.700308,36,6.412901
-82.660671,45,6.435902
-102.891269,11,6.441902
-104.821072,14,6.449903
-100.912438,14,6.456907
-109.839822,10,6.460908
-108.670651,8,6.464908
-105.538907,12,6.470908
-112.642457,9,6.474907
-106.939488,10,6.479907
-104.568601,10,6.484927
-108.092681,15,6.490928
-100.789096,17,6.500449
-104.615873,13,6.506448
-99.864487,26,6.519448
-99.120621,22,6.529447
-101.000975,22,6.539448
-107.910983,17,6.548448
-108.294003,9,6.552448
-104.975955,10,6.556448
-111.592395,4,6.558448
-91.841005,33,6.572448
-100.470714,16,6.580464
-109.675119,7,6.583478
-97.041138,31,6.597897
-104.302198,7,6.600898
-100.723227,11,6.605897
-107.252558,9,6.609898
-89.759415,24,6.621895
-105.564184,5,6.623899
-100.397976,17,6.633895
-103.257601,16,6.648898
-107.230272,14,6.663897
-95.24319,24,6.678897
-101.925244,14,6.684907
-104.987681,7,6.688907
-94.601762,33,6.70342
-102.841962,21,6.714421
-103.164118,14,6.720422
-103.678441,19,6.730422
-104.316378,12,6.736423
-108.686639,5,6.738424
-106.797965,6,6.741424
-104.593768,23,6.752423
-105.225917,6,6.755424
-102.997684,11,6.760423
-109.379665,4,6.761424
-98.374855,20,6.770423
-106.005271,10,6.775424
-98.526917,13,6.780423
-101.012923,32,6.795431
-105.328513,21,6.806528
-104.417787,9,6.810528
-101.891617,11,6.814527
-109.561069,4,6.816527
-107.675638,7,6.819528
-108.977779,4,6.821527
-107.292644,5,6.824529
-101.395234,16,6.833526
-102.948664,18,6.841542
-111.045351,10,6.845528
-106.111317,5,6.848541
-105.654555,7,6.851541
-106.191852,16,6.859531
-106.804046,11,6.864542
-107.408944,9,6.868542
-100.491331,13,6.87553
-109.434657,7,6.879527
-100.088258,18,6.887568
-107.090627,26,6.899894
-103.073883,9,6.9038
-89.107606,36,6.918896
-110.390584,6,6.921896
-107.863695,6,6.923895
-101.932728,22,6.932899
-105.724429,10,6.938793
-115.191448,9,6.942794
-98.703855,19,6.950892
-104.196425,10,6.954894
-114.184628,6,6.95789
-105.34822,6,6.960891
-97.434891,18,6.967893
-106.67832,6,6.970892
-103.739034,7,6.973901
-105.033951,9,6.978794
-101.639819,13,6.985012
-108.321372,5,6.987003
-102.600719,10,6.99195
-100.64811,16,6.99863
-105.086472,8,7.00264
-105.125494,7,7.005632
-104.934768,7,7.009635
-102.6317,14,7.015637
-99.553279,26,7.026626
-107.546698,5,7.029625
-104.745048,8,7.033627
-105.980257,8,7.03663
-108.580169,5,7.039625
-108.293514,12,7.044627
-111.830969,7,7.048545
-103.309154,27,7.064635
-103.540166,7,7.067529
-107.626923,7,7.071014
-105.104929,11,7.076622
-102.229871,12,7.082706
-105.800767,6,7.085656
-108.960888,5,7.086658
-98.41004,13,7.094105
-105.245256,5,7.095611
-106.442738,19,7.104617
-93.372748,22,7.114107
-104.265651,10,7.118284
-112.250805,7,7.121278
-104.239436,11,7.126362
-95.761375,30,7.139745
-103.062221,12,7.146919
-108.638872,8,7.151027
-106.138992,7,7.15392
-109.073532,9,7.157922
-108.673146,6,7.161919
-105.083212,7,7.164919
-105.849911,6,7.167917
-117.824688,6,7.170918
-107.381663,7,7.173919
-108.227964,6,7.176918
-92.153294,25,7.193037
-112.229776,4,7.195543
-111.332233,5,7.197565
-98.148913,18,7.205549
-107.702909,8,7.209573
-101.975726,18,7.217548
-104.709648,7,7.220548
-107.171437,10,7.224548
-106.100924,9,7.228548
-102.202391,12,7.23457
-93.641352,22,7.243548
-106.963151,7,7.246569
-100.834929,12,7.251548
-94.807408,52,8.149864
-108.179159,17,8.158864
-103.159759,15,8.166865
-86.596236,34,8.182871
-101.914083,15,8.18887
-93.116909,30,8.203379
-102.347868,11,8.208379
-102.494205,9,8.213378
-101.423004,13,8.219379
-105.24028,12,8.226379
-99.3354,17,8.235379
-99.114639,30,8.252383
-106.643162,10,8.257381
-94.154868,21,8.268383
-89.141064,43,8.289391
-104.787493,8,8.292391
-95.643833,23,8.304911
-107.631408,5,8.307911
-106.762269,12,8.314907
-96.153311,30,8.329907
-100.009735,22,8.340915
-96.768606,18,8.348915
-84.610876,31,8.362914
-104.713564,7,8.365915
-114.297183,6,8.368914
-105.872984,8,8.372931
-104.346006,11,8.377924
-106.784234,14,8.38495
-101.694361,22,8.395937
-106.270414,8,8.399006
-104.012948,8,8.402991
-104.889978,11,8.409123
-101.143343,12,8.415127
-88.502247,42,8.436125
-111.037073,16,8.443231
-105.024505,8,8.449127
-104.735519,18,8.457238
-107.268339,20,8.467139
-105.179529,11,8.472138
-102.99725,10,8.476141
-100.684786,18,8.485145
-105.194258,12,8.49968
-98.444301,14,8.523676
-103.762309,8,8.53167
-104.663852,16,8.545671
-101.342182,10,8.554666
-92.400225,40,8.576682
-105.736304,7,8.579678
-106.518579,5,8.582703
-98.529708,21,8.592777
-100.805762,21,8.602477
-108.94619,5,8.604483
-107.160083,17,8.612387
-94.937296,23,8.622479
-106.392737,6,8.62543
-93.139674,27,8.63748
-106.712747,11,8.641484
-102.05133,12,8.647429
-100.23882,20,8.656481
-104.932979,17,8.66439
-108.472154,18,8.671387
-95.931736,19,8.682415
-111.401363,4,8.685414
-98.565407,14,8.692408
-99.441895,11,8.697911
-96.819932,18,8.706913
-97.947424,25,8.71891
-83.830969,39,8.735911
-93.218074,33,8.750909
-99.531173,30,8.764909
-90.460702,37,8.78146
-104.605883,9,8.785483
-95.501221,23,8.795468
-98.314607,30,8.808996
-107.25679,7,8.811978
-99.732785,17,8.819995
-70.196906,57,8.843988
-91.542442,37,8.860082
-97.00433,22,8.869072
-105.675444,11,8.874079
-105.813138,17,8.882188
-102.679225,14,8.888189
-99.289488,13,8.893188
-102.952846,9,8.89781
-111.043372,6,8.900713
-110.962952,8,8.904713
-108.50142,17,8.911711
-108.390763,17,8.920808
-103.119666,13,8.926833
-114.063448,5,8.929801
-106.372937,5,8.932713
-103.151601,19,8.941813
-82.437737,35,8.957814
-101.245864,11,8.96281
-104.739284,7,8.966712
-101.563118,10,8.972717
-95.441032,34,8.990725
-108.852702,3,8.991726
-100.332679,11,8.99836
-112.070397,18,9.006358
-100.999611,23,9.017355
-89.048378,32,9.031346
-98.070661,22,9.041353
-107.95328,6,9.044351
-114.028233,18,9.051346
-103.746966,15,9.05834
-104.853545,11,9.064253
-105.771672,11,9.069355
-102.148107,8,9.07334
-105.987813,11,9.077346
-100.703642,11,9.083265
-90.81122,29,9.096872
-90.822421,41,9.114975
-103.023383,16,9.121977
-95.520612,28,9.133977
-105.167897,16,9.140981
-105.466006,12,9.145978
-81.831896,39,10.04987
-83.346318,42,10.07087
-87.210342,39,10.090873
-102.892203,16,10.09838
-105.547546,15,10.107385
-98.486875,36,10.12538
-103.883584,16,10.13338
-93.906019,26,10.145385
-100.739911,13,10.153388
-94.336058,33,10.17038
-97.652904,16,10.17938
-89.443814,28,10.194383
-104.263397,11,10.199891
-72.558277,47,10.22289
-103.816667,11,10.22989
-90.244337,39,10.249895
-98.998601,13,10.255895
-85.872071,35,10.271894
-98.035692,20,10.280895
-103.481426,10,10.285903
-101.45106,14,10.291904
-90.076725,45,10.313419
-94.168458,34,10.328632
-96.13066,21,10.338634
-107.826191,4,10.341635
-97.094329,16,10.352631
-106.910053,9,10.356631
-103.283367,12,10.362632
-104.283303,11,10.367734
-97.515691,32,10.382643
-105.217162,6,10.385645
-107.967938,7,10.388643
-104.41124,11,10.393645
-105.491729,7,10.397268
-104.937388,10,10.402281
-71.940132,65,10.433281
-101.633691,26,10.444281
-83.273879,55,10.470315
-107.247165,13,10.47628
-100.826734,18,10.485295
-94.04299,23,10.496328
-104.186638,15,10.502821
-101.798959,14,10.509822
-106.296567,7,10.51382
-104.878799,8,10.516821
-83.608495,42,10.536821
-62.672491,66,10.566833
-97.048306,16,10.573823
-105.350761,10,10.57882
-86.952035,42,10.597423
-99.171369,13,10.603448
-107.753383,8,10.607436
-104.644659,19,10.616435
-101.705602,16,10.623436
-91.91015,46,10.643989
-107.022736,5,10.646964
-92.76715,33,10.660988
-90.256785,33,10.675993
-100.151921,16,10.68311
-107.321307,7,10.686104
-98.360689,17,10.693111
-101.343445,14,10.69983
-104.085457,12,10.705832
-91.028668,37,10.720824
-87.895337,35,10.73584
-109.966275,5,10.738831
-91.381042,32,10.754215
-100.492028,16,10.76121
-99.915693,15,10.768214
-96.134497,21,10.777213
-89.858987,31,10.790315
-94.158252,28,10.802802
-102.032082,12,10.808265
-99.704199,18,10.81526
-93.333549,38,10.831266
-96.935677,24,10.841263
-80.677108,72,10.872267
-90.83416,32,10.887169
-105.626278,13,10.894719
-97.550086,31,10.910246
-103.718181,12,10.91714
-102.678756,17,10.930586
-95.603396,24,10.94369
-84.611462,70,10.980681
-94.054795,29,10.993788
-99.543657,13,10.999501
-101.329687,13,11.004509
-99.374908,16,11.894531
-81.144833,67,11.93096
-97.737968,33,11.947956
-80.761254,51,11.975956
-80.381663,48,12.000472
-86.881578,55,12.029474
-70.848359,56,12.057472
-99.597508,22,12.06948
-91.266506,44,12.092474
-92.441066,52,12.117011
-103.185102,51,12.140013
-81.871612,37,12.15701
-103.622238,9,12.16101
-86.683437,37,12.17801
-106.354149,6,12.181009
-102.783735,24,12.192176
-94.278529,64,12.22682
-81.882541,55,12.25382
-96.206189,23,12.263854
-87.326498,31,12.28182
-90.147506,32,12.299351
-101.795701,20,12.308364
-95.485244,25,12.320363
-92.027828,30,12.334364
-76.050778,78,12.368364
-50.552022,82,12.405906
-102.809822,13,12.411906
-79.517939,79,12.448902
-94.258035,50,12.470906
-98.357201,23,12.481906
-61.127466,81,12.518446
-79.925733,99,12.562447
-80.857458,42,12.581445
-82.823425,61,12.607984
-99.99197,16,12.615978
-99.999343,15,12.621996
-94.193858,42,12.641983
-101.292049,21,12.651997
-96.437135,21,12.660994
-55.77086,106,12.709526
-78.173918,46,12.730527
-86.959483,52,12.753526
-87.107691,41,12.771548
-109.920209,4,12.773538
-89.583159,36,12.78954
-97.330595,16,12.797539
-89.935392,61,12.824066
-95.527391,33,12.838065
-93.351891,33,12.854064
-99.117165,22,12.865067
-81.827975,75,13.793707
-83.897777,73,13.830224
-78.156278,44,13.853225
-97.590407,29,13.868224
-94.403364,39,13.886224
-93.040962,49,13.909732
-99.228318,26,13.92374
-78.605925,61,13.953731
-97.88846,29,13.967749
-76.250784,55,13.99275
-98.202267,38,14.010308
-94.9857,70,14.041308
-94.521787,57,14.066308
-85.716947,46,14.088322
-81.932861,56,14.11485
-91.438626,39,14.13285
-96.534025,19,14.14185
-84.401817,69,14.174849
-104.519498,13,14.181853
-81.13823,87,14.223424
-109.794639,14,14.231421
-86.405895,55,14.257438
-60.933645,108,14.310969
-77.447967,56,14.335968
-78.269467,66,14.36697
-81.317277,59,14.392982
-97.893359,40,14.411508
-66.498503,75,14.444508
-72.348328,82,14.481507
-82.758479,49,14.50305
-94.425556,29,14.51605
-99.104772,32,14.531051
-117.919217,24,14.542049
-89.422731,38,14.55905
-88.586301,37,14.575053
-103.612468,16,14.58305
-60.091766,89,14.622588
-73.017556,59,14.649588
-77.346991,60,14.675588
-93.850664,67,14.706615
-98.430796,16,14.714725
-86.133363,78,15.583988
-94.999884,51,15.609497
-83.037744,55,15.637498
-97.374883,60,15.666497
-87.642191,38,15.684497
-99.22859,15,15.6915
-91.38883,38,15.709006
-91.08636,104,15.759012
-80.024127,61,15.786024
-95.691594,27,15.798023
-87.847648,85,15.836332
-34.894645,102,15.883638
-89.279628,39,15.901163
-81.430706,67,15.930164
-18.517219,136,15.99632
-87.598565,53,16.019088
-101.322114,16,16.026087
-88.141439,51,16.050992
-77.782729,72,16.082997
-68.732234,73,16.11982
-70.650868,65,16.149727
-76.959917,99,16.194734
-24.424693,124,16.247251
-79.991085,60,16.272251
-79.600707,59,16.298259
-96.659429,52,16.319777
-66.595898,71,16.350777
-85.140523,59,16.376776
-78.341255,62,16.405356
-79.0643,106,16.455356
-81.668057,43,16.474359
-74.723597,61,17.397015
-87.355131,54,17.444535
-89.258644,60,17.474535
-66.180283,110,17.527045
-52.916306,73,17.563045
-95.804638,36,17.581049
-85.94746,67,17.611577
-75.525146,80,17.646577
-103.529782,54,17.670577
-54.311862,105,17.721512
-103.705866,53,17.745402
-71.091894,84,17.791919
-84.073968,80,17.830483
-82.551299,114,17.882492
-104.921328,42,17.900576
-98.819927,58,17.925106
-78.994079,60,17.952547
-97.261257,43,17.973645
-87.500707,66,18.00417
-106.698685,51,18.033553
-67.429926,75,18.068548
-96.238781,72,18.100707
-93.583485,71,18.132513
-82.012025,66,18.163615
-101.440902,14,18.169519
-87.874484,55,18.196748
-91.908024,52,18.221103
-82.445834,49,18.246677
-62.058888,67,18.281239
-104.359432,64,18.316883
-108.240549,60,18.345977
-94.915336,42,18.365356
-78.621983,46,19.243299
-57.342436,105,19.294302
-105.735133,67,19.330058
-44.168734,96,19.379059
-100.547603,63,19.410587
-92.035046,45,19.433589
-80.368397,105,19.481589
-82.8901,60,19.507114
-99.005302,47,19.529114
-89.018512,49,19.552115
-69.030778,64,19.582115
-93.594533,54,19.606686
-102.827348,54,19.632686
-75.133272,72,19.670674
-89.118005,46,19.696505
-84.038359,74,19.73208
-60.734815,99,19.781073
-86.861513,43,19.802073
-71.836387,83,19.845699
-81.395134,68,19.881699
-102.428913,49,19.906527
-100.406509,49,19.93053
-84.483218,74,19.968526
-87.339482,67,20.002535
-98.196727,20,20.015047
-90.229473,61,20.048952
-21.537952,145,20.135539
-86.178714,49,20.156538
-98.883759,20,20.166527
-93.046777,52,20.192941
-99.115919,47,20.216367
-65.841486,99,20.262362
-67.440137,76,21.146115
-31.284861,107,21.200116
-44.916833,102,21.249622
-81.865481,55,21.277622
-91.623037,53,21.305128
-67.68296,62,21.334136
-84.918202,51,21.356136
-65.356698,68,21.386137
-98.929599,42,21.404144
-71.049347,70,21.435662
-78.484311,53,21.460205
-60.714894,107,21.512731
-62.178014,107,21.565925
-44.276693,93,21.611559
-90.100604,59,21.638561
-75.560502,42,21.657562
-66.229611,103,21.710176
-80.368798,50,21.732152
-93.49892,45,21.75415
-101.829527,71,21.78515
-72.575323,106,21.831689
-59.842206,66,21.859822
-86.459783,56,21.883882
-49.02401,84,21.925377
-47.816277,128,21.983554
-70.90095,67,22.013079
-70.872897,79,22.049079
-59.575971,76,22.953535
-80.646596,68,22.987534
-29.129878,137,23.053056
-58.923253,88,23.094069
-82.871122,110,23.151588
-13.836025,184,23.233006
-53.25731,117,23.285004
-66.053264,105,23.334529
-82.388756,84,23.372528
-59.572384,118,23.427086
-68.1643,87,23.467086
-75.441276,105,23.51461
-93.197743,48,23.53561
-77.859388,93,23.575609
-76.615859,75,23.609152
-73.724448,50,23.631152
-48.934031,95,23.673151
-71.302039,86,23.712707
-89.731835,39,23.734871
-59.50075,101,23.78797
-95.940169,52,23.810789
-67.671646,92,23.848786
-59.792863,109,24.764256
-95.781632,58,24.795261
-11.082749,180,24.887783
-59.59022,105,24.940293
-89.756098,71,24.974297
-79.610626,107,25.023949
-53.727657,66,25.059949
-77.423345,73,25.094956
-45.883188,162,25.171475
-39.579485,97,25.217013
-63.770001,98,25.262
-70.478569,63,25.289001
-102.848995,57,25.31956
-67.939361,80,25.356889
-39.971599,101,25.401443
-89.514941,58,25.428859
-90.619244,83,25.467288
-75.867867,95,25.515332
-86.809342,83,25.551431
-67.745767,68,25.581333
-72.493344,59,25.607724
-57.247618,82,25.64516
-42.663498,74,25.677261
-96.61906,58,25.703389
-20.494485,157,26.629108
-66.581887,79,26.669112
-102.266617,67,26.70412
-36.460646,124,26.769637
-78.45923,78,26.805651
-85.260794,77,26.844184
-81.19739,64,26.877173
-89.320439,100,26.928054
-80.98912,121,26.984159
-61.98422,135,27.07869
-60.007225,78,27.11322
-76.657966,74,27.146226
-33.95233,132,27.20072
-69.374979,82,27.236392
-43.151588,95,27.284388
-71.173315,86,27.329913
-32.679885,143,27.392915
-68.318522,90,27.431441
-77.285211,115,27.483442
-68.511493,104,27.530966
-44.585825,124,28.506729
-62.507559,139,28.579253
-48.636841,77,28.618776
-46.428288,147,28.689771
-92.846755,70,28.72092
-74.507602,72,28.750936
-11.448065,195,28.837121
-79.442281,87,28.882081
-67.123162,117,28.937718
-29.886158,140,29.006834
-81.179362,84,29.043562
-10.923379,138,29.103571
-84.075656,91,29.143597
-56.547447,140,29.207776
-90.530439,68,29.240386
-77.048043,112,29.301489
-65.07101,123,29.361228
-74.211597,60,29.388242
-87.579136,99,29.43491
-71.495304,102,30.350596
-48.929132,107,30.403608
-54.246906,81,30.446025
-53.61086,127,30.513532
-48.51153,87,30.554537
-47.67261,96,30.599551
23.50882,283,30.74082
-71.005237,93,30.787226
-60.327223,132,30.851212
-65.687921,139,30.917769
-83.151639,68,30.949828
-87.392493,83,30.987769
-78.607718,79,31.025348
-37.504853,121,31.085701
-63.832365,69,31.121918
-80.55656,111,31.172493
-59.636109,71,31.205587
-89.510362,62,31.235167
-73.528275,104,31.289107
-35.984283,111,32.27987
-80.866873,69,32.313381
-69.36234,82,32.356381
-88.230841,77,32.403384
-53.862006,80,32.452899
-80.053383,44,32.475901
-37.985631,110,32.523001
-12.599741,148,32.586987
-78.780374,90,32.631165
-29.901465,126,32.686165
-19.285899,124,32.748056
-37.017529,115,32.805547
-68.131275,127,32.862325
-96.357388,70,32.895323
-39.971025,142,32.964253
-63.238036,83,33.004264
-67.202752,103,33.050385
-72.393591,66,33.07837
24.006673,212,33.172482
-85.008467,52,33.200695
-67.235398,66,33.243292
-55.838844,85,34.139187
-64.817726,95,34.191184
-71.393589,80,34.229711
-73.011835,74,34.268706
-27.932574,112,34.322218
-39.160974,89,34.363227
-58.58292,169,34.440051
-10.023086,131,34.502061
-51.280614,82,34.539125
-84.470176,72,34.572125
-87.171195,62,34.600133
-55.246287,77,34.63468
-77.592684,52,34.658679
-2.011674,145,34.731267
-58.38217,135,34.793242
-57.320205,73,34.825766
-10.326973,141,34.889767
-78.842414,76,34.924288
-45.331973,114,34.982398
-44.282219,93,35.022922
-84.342922,66,35.051934
13.016142,189,35.968372
-27.735156,174,36.055882
-48.120063,78,36.095884
-100.379439,45,36.118412
-82.904665,65,36.147418
-63.352255,89,36.189398
-22.651264,102,36.236947
-78.968508,83,36.275947
-23.355819,152,36.347468
-89.449809,67,36.380483
-61.785629,67,36.417041
11.911451,263,36.543635
-53.798736,87,36.581631
-54.608691,72,36.614196
-66.478683,98,36.657201
-61.328563,88,36.700204
-35.781385,156,36.7719
-76.087138,54,36.801918
-69.966652,81,36.84545
-100.659999,24,36.856449
-51.298029,70,36.88745
-59.534195,77,37.773067
5.471096,170,37.86259
-82.19433,73,37.902603
-11.891997,109,37.959126
-93.970142,22,37.969122
-5.498294,153,38.036861
16.586497,186,38.11748
-59.457488,134,38.178379
-44.952066,85,38.223396
-27.664073,110,38.276537
-42.122408,98,38.326483
-60.91195,68,38.358484
-19.238348,158,38.429008
-33.346765,97,38.472008
-13.38387,135,38.531537
-76.550563,99,38.573537
-17.850423,164,38.645026
-53.419456,83,38.682976
75.169822,262,39.671114
-99.677685,30,39.686114
-8.139553,157,39.759623
-45.676062,89,39.79964
-84.518283,76,39.832911
38.133232,208,39.928997
-79.490751,110,39.980995
-49.386945,93,40.025106
-72.950895,61,40.05554
-56.04447,64,40.086433
108.93399,407,40.296137
-75.134094,122,40.353775
49.275912,239,40.469305
-48.755952,147,40.548257
-11.436702,221,41.506025
-89.169136,54,41.535533
-8.510796,226,41.643072
-23.193229,121,41.695071
-23.854178,137,41.756596
-37.604805,123,41.816118
25.027085,327,41.967877
-31.799141,107,42.021311
-9.403589,228,42.125878
-68.655424,104,42.171866
137.943995,299,42.301399
-84.483007,39,42.317965
236.672769,493,43.454248
-80.342488,43,43.473262
74.57923,371,43.653382
-32.588442,104,43.704288
-3.41874,134,43.772048
-57.26763,85,43.814056
-68.425175,85,43.861797
-18.244148,237,43.977825
-32.730228,134,44.039365
71.889241,308,44.204706
-50.527955,118,44.263336
13.740806,151,45.172014
60.998437,268,45.299522
-55.219967,118,45.350656
-13.923504,178,45.43339
40.940169,173,45.518177
118.534557,340,45.690937
-31.325221,202,45.7885
181.642824,461,46.007076
218.64075,651,47.187235
34.403362,347,47.350297
5.38762,232,47.460807
14.909413,252,47.576137
-23.210605,118,47.628983
-10.122436,235,47.739502
4.178549,324,47.902522
395.210846,919,49.206907
1635.326604,1000,49.690006
1729.558225,1000,50.984858
321.487687,627,51.271756
14.745768,197,51.363293
-73.735306,71,51.399281
558.721927,797,52.626186
7.887549,152,52.696764
99.996751,265,52.833632
229.563945,405,53.04018
332.91774,539,53.308241
358.486089,555,54.404408
28.508331,195,54.493921
46.90323,194,54.583565
28.864219,169,54.670199
-38.450465,79,54.711206
441.405568,579,54.996395
54.814061,223,55.104051
65.631515,225,55.20816
666.534048,880,56.493273
665.626304,947,56.96866
88.997191,252,57.089794
1768.090612,1000,58.469383
1813.543084,1000,58.935846
1685.007584,1000,60.292289
1749.452738,1000,60.765396
1802.19059,1000,62.065417
1854.13511,1000,62.541435
1826.050944,1000,63.949935
-68.910191,57,63.976939
202.572587,372,64.159639
345.471455,604,64.430159
122.262266,295,65.423565
1801.763189,1000,65.911736
1802.634159,1000,67.221491
1813.245774,1000,67.722508
1808.30554,1000,68.237695
1835.096429,1000,69.61023
1794.387797,1000,70.071254
1858.872096,1000,71.379182
1856.015083,1000,71.810405
1850.142882,1000,73.161794
1867.333912,1000,73.616051
1899.177654,1000,75.012269
1879.24467,1000,75.473277
1897.953069,1000,76.791779
1912.557007,1000,77.248566
1911.481701,1000,78.681205
1929.993177,1000,79.145122
1935.690577,1000,80.572949
1953.433447,1000,81.058748
1981.720762,1000,82.419694
1991.214478,1000,82.873374
1981.059177,1000,84.170255
1972.935158,1000,84.632982
1955.847129,1000,85.995467
1974.357619,1000,86.451624
1982.774144,1000,87.789983
1998.326141,1000,88.284611
1993.754004,1000,89.650154
1968.58556,1000,90.143586
2000.870649,1000,91.541876
2008.614281,1000,92.024595
1972.002299,1000,93.499718
1959.34705,1000,93.946151
1987.351562,1000,95.295452
1942.713922,1000,95.745926
1970.869702,1000,97.152764
1999.169089,1000,97.608616
2017.502223,1000,98.890013
2024.396978,1000,99.349896
2045.678229,1000,100.696378
2101.546637,1000,101.182015
2066.01862,1000,102.530759
2093.464694,1000,103.012512
2124.225004,1000,104.340074
2084.24499,1000,104.857869
2061.70461,1000,106.202989
2100.406,1000,106.676644
2143.341867,1000,107.135764
2125.245965,1000,108.482276
2147.435071,1000,108.917058
967.479627,905,110.335796
309.824009,373,110.500782
94.513909,191,110.584539
346.942207,393,110.75539
2171.941064,1000,112.020571
2186.907391,1000,112.486316
153.887988,238,112.591234
2167.834012,1000,114.016632
2156.749135,1000,114.511173
2175.184427,1000,115.857814
2179.924601,1000,116.32678
-105.251284,6,116.328783
2199.761853,1000,117.666887
2206.475386,1000,118.133373
2186.051891,1000,119.440684
2195.631083,1000,119.917964
393.171205,416,121.016644
938.016701,869,121.417767
2224.985716,1000,121.859551
2203.072081,1000,123.209186
2177.584117,1000,123.644891
2183.997571,1000,124.965545
2182.489222,1000,125.445796
437.45488,453,126.530139
368.332481,394,126.71273
40.162403,137,126.793501
799.221346,753,127.168735
2235.971723,1000,128.480037
2198.821396,1000,128.975338
2185.749291,1000,130.31338
2178.492068,1000,130.759382
2199.023399,1000,132.040375
2221.372418,1000,132.488905
2224.333547,1000,133.818358
2183.46205,1000,134.254386
2204.577668,1000,135.594841
2211.600827,1000,136.098927
2201.815365,1000,137.447965
2211.825852,1000,137.922726
2210.123492,1000,139.253841
2219.225373,1000,139.712665
2233.109225,1000,141.072161
2233.905844,1000,141.526121
2257.942299,1000,142.825067
215.666224,269,142.959581
1096.029139,957,143.390769
553.882255,532,143.629257
513.739944,513,144.831259
2264.016367,1000,145.286964
143.464284,217,145.382003
2237.806229,1000,146.726809
2219.381858,1000,147.18506
2211.260665,1000,148.503015
2194.956457,1000,149.03022
2232.284826,1000,150.565709
2212.532557,1000,151.042079
2205.156105,1000,152.429312
2226.95649,1000,152.955037
2207.825851,1000,154.479356
2202.622045,1000,154.90909
2201.715049,1000,156.378818
2196.588656,1000,157.400163
2202.622555,1000,159.351292
2197.434461,1000,159.959051
2210.690102,1000,161.802038
2197.94608,1000,162.276008
2204.637848,1000,164.268713
2211.206355,1000,164.791943
2215.12309,1000,166.850527
2231.624999,1000,167.435517
2224.178225,1000,169.316337
2255.208242,1000,169.87423
2249.799189,1000,171.612938
2242.170481,1000,172.176821
2214.857421,1000,173.852141
2254.236591,1000,174.382242
2245.516642,1000,174.881165
2248.811891,1000,177.065473
2262.161794,1000,177.57954
2290.716763,1000,179.611735
2286.390975,1000,180.114007
2291.776865,1000,182.05862
417.781463,418,182.246043
973.875696,830,184.164336
363.603426,377,184.423903
361.268876,379,184.6201
306.306847,328,184.786131
2305.818613,1000,186.485725
1071.702286,922,187.076022
2275.742228,1000,187.655094
-77.079161,35,188.881891
2261.402912,1000,189.444525
2260.578497,1000,189.902123
2229.680457,1000,191.755512
2237.555145,1000,192.21014
